date,icao24,callsign,DepartureAirport,ArrivalAirport,Duration
2026-01-01 15:23:45,4b0b79,HBEIZ,LSGB,LSGP,1178
2026-01-01 13:56:47,4b29a5,HBPUB,LSGB,LSZI,2801
2026-01-01 13:45:39,4b1a95,HBKBT,LSGB,LSPL,2036
2026-01-01 06:47:33,4b3302,RGA15,LSGB,LSGL,655
2026-01-01 06:37:34,4b3e2d,AGV01,LSGB,LSGL,643
2026-01-01 05:10:41,4b3303,RGA04,LSGB,LSGG,1321
2026-01-01 04:19:37,4b3305,RGA18,LSGB,LSGL,1152
2026-01-01 04:01:20,4b3302,RGA15,LSGB,LSGL,680
2026-01-01 02:56:07,4b3303,RGA04,LSGB,LSGL,680
2026-01-04 16:24:10,4b3303,RGA04,LSGB,LSGL,948
2026-01-04 14:05:27,4b4338,HBZLW,LSGB,LSGP,1227
2026-01-04 12:47:43,4b3abe,HBWGK,LSGB,LSGB,4834
2026-01-04 11:02:46,3008b1,IDIOT,LSGB,LSGB,2796
2026-01-04 10:44:14,4b3abe,HBWGK,LSGB,LSGB,4945
2026-01-04 10:30:06,4b3e2d,AGV01,LSGB,LSGL,615
2026-01-04 08:58:18,4b4488,HBZYU,LSGB,LSGL,1343
2026-01-06 11:40:01,4b1bae,HBKMO,LSGB,LSZB,2729
2026-01-06 11:17:49,4b447d,HBZYJ,LSGB,LSGB,2469
2026-01-06 10:40:06,4b3e2d,AGV01,LSGB,LSGL,750
2026-01-06 08:46:54,4b447d,HBZYJ,LSGB,,2308
2026-01-06 07:41:23,4b0935,HBDMR,LSGB,LSZG,2072
2026-01-05 14:26:12,3008b1,IDIOT,LSGB,LSGB,4017
2026-01-05 14:00:33,4b4488,HBZYU,LSGB,LSGB,3966
2026-01-05 10:43:05,4b4488,HBZYU,LSGB,LSGB,3653
2026-01-05 08:10:17,4b4488,HBZYU,LSGB,LSGB,1654
2026-01-07 10:35:49,4b4488,HBZYU,LSGB,LSGB,2037
2026-01-10 02:51:04,4b3305,RGA18,LSGB,LSGL,683
2026-01-12 11:33:04,4b4488,HBZYU,LSGB,LSGB,1012
2026-01-12 10:59:30,4b1e44,HBLMA,LSGB,LSZG,4858
2026-01-12 08:27:24,4b4488,HBZYU,LSGB,LSGB,1080
2026-01-11 13:47:12,4b3ee3,HBXVF,LSGB,LSMF,2546
2026-01-14 18:07:53,4b0cd3,HBEWH,LSGB,LSZG,2337
2026-01-14 16:45:42,4b4488,HBZYU,LSGB,LSGB,5748
2026-01-14 13:30:27,4b4488,HBZYU,LSGB,LSGT,620
2026-01-14 12:35:10,4d02b7,JFA95V,LSGB,LSGL,1000
2026-01-14 08:46:44,4b1baf,HBKMP,LSGB,LSZB,1345
2026-01-13 14:02:35,4b447f,HBZYL,LSGB,LSGB,3342
2026-01-13 08:40:15,4b447d,HBZYJ,LSGB,LSGB,2575
2026-01-16 13:28:26,4b3abe,HBWGK,LSGB,LSGB,941
2026-01-16 12:30:22,4b303f,HBSHB,LSGB,LSZB,1702
2026-01-15 14:45:10,4b1f2e,HBLVA,LSGB,LSPN,2107
2026-01-15 14:01:17,4b4488,HBZYU,LSGB,LSGB,2421
2026-01-15 12:32:03,4b4479,HBZYF,LSGB,LSGB,6355
2026-01-15 10:25:24,39439b,FAZHN,LSGB,LSGB,2167
2026-01-15 08:36:45,4b4488,HBZYU,LSGB,LSGB,1296
2026-01-15 07:14:09,4b4479,HBZYF,LSGB,LSGB,6740
2026-01-18 12:48:59,4b4471,HBZXX,LSGB,LSGB,2525
2026-01-18 12:27:58,4b447d,HBZYJ,LSGB,LSGB,2126
2026-01-17 15:01:25,4b3e95,AG06,LSGB,LSTS,1080
2026-01-17 13:40:19,4b2ee5,HBRTT,LSGB,LSZQ,2080
2026-01-19 16:53:11,4b3305,RGA18,LSGB,LSGL,646
2026-01-19 11:26:24,4b3e2c,AGV06,LSGB,LSGL,690
2026-01-22 13:45:45,4b4488,HBZYU,LSGB,LSGB,2508
2026-01-22 13:34:51,4b447f,HBZYL,LSGB,LSGB,1617
2026-01-22 09:01:15,4b4488,HBZYU,LSGB,LSGB,3232
2026-01-21 17:08:47,4b4488,HBZYU,LSGB,LSGB,2427
2026-01-21 15:34:31,4b4488,HBZYU,LSGB,LSGB,958
2026-01-21 13:55:58,4b41d1,HBYYB,LSGB,LSGB,2827
2026-01-21 12:52:35,4b4488,HBZYU,LSGB,LSGE,1511
2026-01-21 12:12:49,4aaa0b,SEJPK,LSGB,LSGB,1024
2026-01-21 10:29:36,4aaa0b,SEJPK,LSGB,LSGB,1455
2026-01-21 08:26:50,4b4488,HBZYU,LSGB,LSGB,3335
2026-01-21 08:09:39,4b447b,HBZYH,LSGB,LSGB,1411
2026-01-23 16:06:32,461838,JFA15M,LSGB,LSGL,643
2026-01-23 15:04:12,4b4488,HBZYU,LSGB,LSGB,1967
2026-01-23 14:18:46,3008b1,IDIOT,LSGB,LSGB,3946
2026-01-23 13:09:03,4b41d1,HBYYB,LSGB,LSGB,4726
2026-01-23 12:41:41,4b4488,HBZYU,LSGB,LSGB,3432
2026-01-23 12:37:33,4b2876,HBPIK,LSGB,LSGC,1388
2026-01-23 10:17:43,4b4488,HBZYU,LSGB,LSGB,2140
2026-01-23 08:10:00,4b447b,HBZYH,LSGB,LSGB,2857
2026-01-26 16:16:49,3d0b79,DECPD,LSGB,LSGY,1108
2026-01-26 14:59:55,4b3abe,HBWGK,LSGB,LSGB,2724
2026-01-26 12:08:28,4b4435,HBZVP,LSGB,LFLI,983
2026-01-26 08:34:52,4b4488,HBZYU,LSGB,LSGB,1627
2026-01-26 07:16:21,4b4381,HBZOR,LSGB,LSGT,18663
2026-01-25 12:53:20,4aaa0b,SEJPK,LSGB,,4400
2026-01-27 13:17:49,4b447d,HBZYJ,LSGB,LSGB,2957
2026-01-27 12:03:09,4b3e19,HBXNL,LSGB,EDNX,5577
2026-01-27 10:48:09,4b28b1,HBPKR,LSGB,LSGL,1020
2026-01-30 14:32:24,4b4488,HBZYU,LSGB,LSGB,4198
2026-01-30 11:37:47,4b4488,HBZYU,LSGB,LSGB,3462
2026-01-30 08:08:35,4b4488,HBZYU,LSGB,LSGB,2628
2026-01-29 15:10:31,4b4488,HBZYU,LSGB,LSGB,994
2026-01-29 14:51:02,4b1af2,HBKFI,LSGB,LSGL,1377
2026-01-29 14:14:05,4b41d1,HBYYB,LSGB,LSGB,3738
2026-01-29 13:20:34,3008b1,IDIOT,LSGB,LSGB,2609
2026-01-29 12:32:41,4b1f9d,HBLZH,LSGB,LSZB,1631
2026-01-29 11:56:02,4b4488,HBZYU,LSGB,LSGB,2695
2026-01-29 11:06:47,4b4435,HBZVP,LSGB,LSGB,2248
2026-01-29 10:32:09,4b4271,AGV01,LSGB,LSGB,895
2026-01-29 09:13:35,4b4271,AGV01,LSGB,LSGB,954
2026-01-29 09:12:03,4b4488,HBZYU,LSGB,LSGB,2152
2026-01-29 09:10:05,4b449c,HBZZO,LSGB,LSGL,5643
2026-01-29 08:30:08,4b4213,HBZAP,LSGB,LSGG,1294
2026-02-01 19:11:10,4b3305,RGA18,LSGB,LSGL,618
2026-02-01 14:10:10,4b3300,RGA04,LSGB,LSGL,617
2026-02-01 13:40:07,3008b1,IDIOT,LSGB,LSGB,3225
2026-02-01 12:56:38,4b4488,HBZYU,LSGB,LSGB,3161
2026-02-01 08:35:51,4b4488,HBZYU,LSGB,LSGL,1202
2026-01-31 14:54:46,4b4488,HBZYU,LSGB,LSGB,3143
2026-01-31 12:47:34,4b3303,RGA04,LSGB,LSGL,611
2026-01-31 12:16:30,4b413c,HBYSI,LSGB,LSGE,1115
2026-01-31 10:58:01,4b4488,HBZYU,LSGB,LSGB,983
2026-01-31 09:49:36,4b4488,HBZYU,LSGB,LSGB,1271
2026-01-31 07:55:58,4b4488,HBZYU,LSGB,LSGB,3240
2026-01-31 07:49:33,4b447d,HBZYJ,LSGB,LSGB,1592
2026-02-03 14:31:34,4b4488,HBZYU,LSGB,LSGB,2592
2026-02-03 13:28:56,4b447f,HBZYL,LSGB,LSGB,1355
2026-02-03 12:41:53,4b4488,HBZYU,LSGB,LSGB,2457
2026-02-02 16:05:35,4b2059,HBMGN,LSGB,LSZP,1361
2026-02-02 15:32:47,392441,FGJCB,LSGB,LFPN,6761
2026-02-02 13:22:13,4b41d1,HBYYB,LSGB,LSGB,6691
2026-02-02 10:01:24,4b4488,HBZYU,LSGB,LSGB,2038
2026-02-05 14:56:35,4b3305,RGA18,LSGB,LSGG,1044
2026-02-05 14:56:01,4b4488,HBZYU,LSGB,LSGB,3826
2026-02-05 14:15:23,4b3abe,HBWGK,LSGB,LSGB,3120
2026-02-05 13:55:15,4b41d1,HBYYB,LSGB,LSGB,4773
2026-02-05 12:15:09,4b3abe,HBWGK,LSGB,LSGB,799
2026-02-05 10:13:14,4b3abe,HBWGK,LSGB,LSGB,2025
2026-02-05 09:19:39,4b4488,HBZYU,LSGB,LSGE,1424
2026-02-05 08:13:27,4b3abe,HBWGK,LSGB,LSGB,2463
2026-02-04 18:20:30,4b1a93,HBKBR,LSGB,LSGG,1701
2026-02-04 14:56:33,4b447b,HBZYH,LSGB,LSGB,3281
2026-02-04 14:43:38,4b4488,HBZYU,LSGB,LSGB,2029
2026-02-04 14:12:39,4b41d1,HBYYB,LSGB,LSGB,6870
2026-02-04 11:46:41,4b3e2c,AGV02,LSGB,LSGL,618
2026-02-04 10:01:30,4b4488,HBZYU,LSGB,LSGB,1404
2026-02-04 09:39:45,4b447d,HBZYJ,LSGB,LSGB,2836
2026-02-04 08:09:44,4b4488,HBZYU,LSGB,LSGB,4672
2026-02-04 06:40:10,4b3abe,HBWGK,LSGB,LFHS,3797
2026-02-07 15:29:01,4b447f,HBZYL,LSGB,LSGB,2713
2026-02-07 15:04:40,4b447f,HBZYL,LSGB,LSGB,813
2026-02-07 14:21:18,4b4488,HBZYU,LSGB,LSGB,3043
2026-02-07 13:39:43,4b32fd,RGA03,LSGB,LSZB,1305
2026-02-07 13:00:24,4b3305,RGA18,LSGB,LSTS,734
2026-02-07 11:44:43,4b4488,HBZYU,LSGB,LSGB,4104
2026-02-07 10:43:46,4b4416,HBZUK,LSGB,LSPU,1873
2026-02-07 10:07:31,4b3abe,HBWGK,LSGB,LSGB,1824
2026-02-07 10:07:03,4b3e2c,AGV02,LSGB,LSGB,935
2026-02-07 08:03:46,4b4488,HBZYU,LSGB,LSGB,4089
2026-02-06 15:07:03,4b4488,HBZYU,LSGB,LSGB,2473
2026-02-06 09:52:54,4b4478,HBZYE,LSGB,LSGB,2742
2026-02-09 15:12:52,4b4488,HBZYU,LSGB,LSGB,2675
2026-02-09 11:49:05,4b4488,HBZYU,LSGB,LSGB,4188
2026-02-09 10:07:00,4b2960,HBPRK,LSGB,LSGE,868
2026-02-09 09:43:33,4d02f1,LXJWB,LSGB,EHSE,8982
2026-02-09 09:12:39,4b4488,HBZYU,LSGB,LSGB,1692
2026-02-09 08:21:05,4b4488,HBZYU,LSGB,LSGB,1043
2026-02-09 07:28:33,4b4471,HBZXX,LSGB,LSGL,1046
2026-02-08 13:56:43,4b3304,RGA02,LSGB,LSGL,607
2026-02-08 13:35:09,4b41d1,HBYYB,LSGB,LSGB,1114
2026-02-08 12:38:46,4b2960,HBPRK,LSGB,LSGB,2525
2026-02-08 12:08:06,4b4213,HBZAP,LSGB,LSGG,1242
2026-02-08 09:27:10,3008b1,IDIOT,LSGB,LSGB,7117
2026-02-11 14:45:48,5004cb,T7FOXI,LSGB,ETSI,6736
2026-02-11 14:11:07,4b3e2c,AGV02,LSGB,LSZB,1280
2026-02-11 10:56:51,4b4271,AGV01,LSGB,LSZB,1257
2026-02-10 15:01:41,4b447d,HBZYJ,LSGB,LSGB,1228
2026-02-13 14:45:34,4b4488,HBZYU,LSGB,LSGB,3085
2026-02-13 13:27:52,4b447f,HBZYL,LSGB,LSGB,1450
2026-02-13 12:48:01,4b4488,HBZYU,LSGB,LSGB,2608
2026-02-13 11:37:46,3d4365,N57UP,LSGB,KTMB,15423
2026-02-13 11:34:30,4b4213,HBZAP,LSGB,LSGT,719
2026-02-13 10:35:17,4b4488,HBZYU,LSGB,LSGB,858
2026-02-13 08:19:49,4b4488,HBZYU,LSGB,LSGB,4819
2026-02-13 01:47:13,4b4271,AGV01,LSGB,LSGL,903
2026-02-12 15:46:52,4b447f,HBZYL,LSGB,LSGB,1674
2026-02-12 12:51:59,4b4271,AGV01,LSGB,LSGL,852
2026-02-12 12:34:34,4b3e19,HBXNL,LSGB,LSGG,1753
2026-02-12 09:29:36,4b449c,HBZZO,LSGB,LSGG,1623
2026-02-15 13:54:01,39d170,FHULQ,LSGB,LFLL,2678
2026-02-14 14:50:05,4b4271,AGV01,LSGB,LSGL,710
2026-02-14 10:22:11,4b447d,HBZYJ,LSGB,LSGB,846
2026-02-14 09:57:00,4b4213,HBZAP,LSGB,LSZH,3029
2026-02-14 08:51:42,4b4488,HBZYU,LSGB,LSGB,913
2026-02-17 20:04:01,4b3303,RGA04,LSGB,LSGL,701
2026-02-17 15:52:20,4b439e,HBZPU,LSGB,LSGB,662
2026-02-17 15:45:00,4b447d,HBZYJ,LSGB,LSGB,774
2026-02-17 15:25:45,4b3ee3,HBXVF,LSGB,LSPV,2679
2026-02-17 12:17:58,4b4488,HBZYU,LSGB,LSGB,2411
2026-02-16 15:12:19,4b4471,HBZXX,LSGB,LSPV,2899
2026-02-16 14:37:39,4b449c,HBZZO,LSGB,LSGG,2120
2026-02-16 10:07:23,4b3305,RGA18,LSGB,LSGL,652
2026-02-16 08:44:27,4b3e2c,AGV02,LSGB,LSGL,812
2026-02-19 16:23:12,4b3e2c,AGV02,LSGB,LSGL,726
2026-02-19 15:02:47,461fbd,OHMAN,LSGB,LSGL,739
2026-02-18 13:58:33,4b447d,HBZYJ,LSGB,LSGB,1762
2026-02-18 11:44:43,4b3dc5,HBXKF,LSGB,LSGB,610
2026-02-18 08:19:44,4aaa0b,SEJPK,LSGB,LSGG,1356
2026-02-18 08:04:42,4b4488,HBZYU,LSGB,LSGB,3133
2026-02-21 23:46:23,4b4271,AGV01,LSGB,LSGB,687
2026-02-21 19:36:16,4b4271,AGV01,LSGB,LSGG,1256
2026-02-21 15:19:03,4b2841,HBPGJ,LSGB,LSGE,1796
2026-02-21 14:37:05,4b4338,HBZLW,LSGB,LSGP,1431
2026-02-21 14:36:53,4b441a,HBZUO,LSGB,LSGP,1446
2026-02-21 14:16:32,4b3303,RGA04,LSGB,LSGL,779
2026-02-21 13:53:00,4b4271,AGV01,LSGB,LSGB,1064
2026-02-21 13:05:12,39bc27,FHPBH,LSGB,LFLI,971
2026-02-21 10:35:28,4b2841,HBPGJ,LSGB,LSGE,1341
2026-02-21 09:59:13,3d4973,DFABJ,LSGB,EGLK,7845
2026-02-20 12:02:18,4aaa0b,SEJPK,LSGB,LSGB,2743
2026-02-20 11:14:24,4b3e2c,AGV02,LSGB,LSGL,813
2026-02-20 08:15:51,4b7f5b,PEG42,LSGB,LSME,1147
2026-02-20 08:14:49,4b4271,AGV01,LSGB,LSGG,1359
2026-02-23 17:29:30,4b4488,HBZYU,LSGB,LSGT,977
2026-02-23 16:16:02,4b44a3,HBZZV,LSGB,LFKX,1226
2026-02-23 15:39:38,4b447f,HBZYL,LSGB,LSGB,2843
2026-02-23 15:11:40,4b3281,HBTDH,LSGB,LSGN,1161
2026-02-23 15:11:27,4b447f,HBZYL,LSGB,LSGB,677
2026-02-23 14:55:15,4b4488,HBZYU,LSGB,LSGB,4900
2026-02-23 14:23:33,4d02c3,JFA07E,LSGB,LFLI,898
2026-02-23 11:40:52,4b4488,HBZYU,LSGB,LSGB,4489
2026-02-23 08:29:46,4b4488,HBZYU,LSGB,LSGB,3712
2026-02-23 08:26:15,4b4471,HBZXX,LSGB,LSGB,1612
2026-02-22 15:23:04,4b447f,HBZYL,LSGB,LSGB,1226
2026-02-22 09:35:47,4b2841,HBPGJ,LSGB,LSGB,1265
2026-02-25 13:55:39,4b1c6c,HBKTW,LSGB,LSGC,3466
2026-02-25 13:55:04,4b27d0,HBPCA,LSGB,LSTO,1315
2026-02-25 13:43:35,4b2923,HBPPB,LSGB,LSZM,3079
2026-02-25 13:34:24,4b4db1,HB2314,LSGB,LSPU,2547
2026-02-25 13:00:51,4b40df,HBYOT,LSGB,LSGP,3036
2026-02-25 12:37:52,4b3abe,HBWGK,LSGB,LSGB,1707
2026-02-25 11:37:30,4b4488,HBZYU,LSGB,LSGB,2539
2026-02-25 10:21:12,4b1e44,HBLMA,LSGB,LSZG,5175
2026-02-25 10:18:09,4b0935,HBDMR,LSGB,EHGG,10248
2026-02-25 09:41:38,4b4488,HBZYU,LSGB,LSGB,3049
2026-02-25 08:44:11,4b2841,HBPGJ,LSGB,LSGB,2015
2026-02-24 13:32:08,4b447d,HBZYJ,LSGB,LSGB,709
2026-02-24 13:00:31,4b28b1,HBPKR,LSGB,LSGL,2467
2026-02-24 12:33:12,4b1b13,HBKGP,LSGB,LSZB,2325
2026-02-24 09:51:42,4b447d,HBZYJ,LSGB,LSGB,2297
2026-02-24 07:42:11,4aaa0b,SEJPK,LSGB,LSGL,704
2026-02-27 13:33:01,4b42f1,HBZJD,LSGB,LFHZ,745
2026-02-27 13:06:03,4b1e45,HBLMB,LSGB,LSZG,5125
2026-02-27 12:55:33,4b4488,HBZYU,LSGB,LSGB,974
2026-02-27 12:44:35,4b1baf,HBKMP,LSGB,LSZB,2826
2026-02-27 10:55:42,4b4488,HBZYU,LSGB,LSGB,719
2026-02-27 10:02:06,3008b1,IDIOT,LSGB,LSZQ,2536
2026-02-27 09:51:33,4b4488,HBZYU,LSGB,LSGB,821
2026-02-27 09:37:52,4b3abe,HBWGK,LSGB,LSGB,1301
2026-02-26 16:35:59,4b3e2c,AGV02,LSGB,LSGP,778
2026-02-26 10:32:44,4b443f,HBZVZ,LSGB,LSGT,821
2026-03-01 11:07:02,39a40b,FHJAL,LSGB,LFLI,1162
2026-03-01 10:27:44,3008b1,IDIOT,LSGB,LSZQ,2864
2026-03-01 09:22:26,4b4488,HBZYU,LSGB,LSGB,2412
2026-03-01 07:10:30,4b3e19,HBXNL,LSGB,LSGG,1199
2026-02-28 23:07:31,4b4271,AGV01,LSGB,LSGL,717
2026-02-28 12:44:31,4b4488,HBZYU,LSGB,LSGB,3428
2026-02-28 12:23:32,4b447d,HBZYJ,LSGB,LSGB,642
2026-02-28 09:26:30,4b4488,HBZYU,LSGB,LSGB,779
2026-02-28 09:14:22,3008b1,IDIOT,LSGB,LSGB,3716
2026-02-28 08:18:37,4b439e,HBZPU,LSGB,LSGB,1717
2026-02-28 07:57:54,4b4488,HBZYU,LSGB,LSGB,2823
2026-03-03 15:26:56,4b4488,HBZYU,LSGB,LSGB,3961
2026-03-03 15:07:14,4b2876,HBPIK,LSGB,LSGP,1084
2026-03-03 10:53:43,4b4488,HBZYU,LSGB,LSTZ,1229
2026-03-03 10:08:47,a8b296,N66HG,LSGB,EGKB,9395
2026-03-03 09:39:23,4b4488,HBZYU,LSGB,LSGB,896
2026-03-03 09:21:55,3008b1,IDIOT,LSGB,LSZL,5027
2026-03-03 09:11:50,4b4488,HBZYU,LSGB,LSGB,983
2026-03-03 07:05:47,4b4488,HBZYU,LSGB,LSGB,1019
2026-03-02 18:02:50,4b4488,HBZYU,LSGB,LSGB,3740
2026-03-02 15:06:20,4b4271,AGV02,LSGB,LSGL,721
2026-03-02 14:10:50,4b4488,HBZYU,LSGB,LSGB,4359
2026-03-02 13:38:10,4b1bf7,HBKPJ,LSGB,LSZM,4047
2026-03-02 12:10:11,4b4488,HBZYU,LSGB,LSGB,1167
2026-03-02 11:11:49,4b4488,HBZYU,LSGB,LSGB,1510
2026-03-02 10:39:26,4b443f,HBZVZ,LSGB,LSGG,1715
2026-03-02 09:07:02,4b4488,HBZYU,LSGB,LSGB,1134
2026-03-02 09:04:15,4627c1,JFA74T,LSGB,LSGL,658
2026-03-02 09:02:18,4b447d,HBZYJ,LSGB,LFLP,1208
2026-03-02 08:18:12,4b4488,HBZYU,LSGB,LSGB,2319
2026-03-05 16:55:53,4b25ea,HBOJI,LSGB,LSGL,986
2026-03-05 16:36:46,4b4488,HBZYU,LSGB,LSGB,2008
2026-03-05 14:19:40,4b4488,HBZYU,LSGB,LSGB,2776
2026-03-05 13:57:05,4b25ea,HBOJI,LSGB,LSGL,1014
2026-03-05 10:43:25,4b4488,HBZYU,LSGB,LSGB,618
2026-03-05 00:18:21,4b4271,AGV02,LSGB,LSGL,662
2026-03-04 18:57:41,4b447f,HBZYL,LSGB,LSGK,1063
2026-03-04 15:14:00,4b4488,HBZYU,LSGB,LSGB,3806
2026-03-04 14:50:42,4b41d1,HBYYB,LSGB,LSGB,3325
2026-03-04 13:42:11,4b1bd0,HBKNW,LSGB,LSZQ,2549
2026-03-04 13:32:43,4b1b56,HBKJE,LSGB,LSGG,1154
2026-03-04 13:22:03,4b4488,HBZYU,LSGB,LSGT,2105
2026-03-04 11:10:34,4b4488,HBZYU,LSGB,LSGT,890
2026-03-04 09:26:46,4b4488,HBZYU,LSGB,LSGB,3101
2026-03-04 08:38:38,4b4471,HBZXX,LSGB,LSGK,1499
2026-03-07 16:23:26,4b27c0,HBPBK,LSGB,LSGL,676
2026-03-07 15:36:00,4b4488,HBZYU,LSGB,LSGB,3769
2026-03-07 14:04:50,4b4488,HBZYU,LSGB,LSGB,849
2026-03-07 11:03:48,4b4488,HBZYU,LSGB,LSGB,3990
2026-03-07 10:47:22,3008b1,IDIOT,LSGB,LSZU,3333
2026-03-07 09:21:20,4b4488,HBZYU,LSGB,LSGB,888
2026-03-07 07:33:05,4b4488,HBZYU,LSGB,LSGB,1300
2026-03-06 15:53:18,4b4488,HBZYU,LSGB,LSGB,3653
2026-03-06 15:30:36,3008b1,IDIOT,LSGB,LSGB,1912
2026-03-06 11:54:50,4b1bf6,HBKPI,LSGB,LSZM,3548
2026-03-06 11:26:01,4b4488,HBZYU,LSGB,LSGB,1166
2026-03-06 10:23:52,4b28b1,HBPKR,LSGB,LSGL,1346
2026-03-06 08:14:06,4b4488,HBZYU,LSGB,LSGB,1878
2026-03-06 07:34:51,4b3abe,HBWGK,LSGB,LFHS,3818
2026-03-06 07:10:34,4b4471,HBZXX,LSGB,LSGB,1728
2026-03-09 15:30:32,3d2280,DELHW,LSGB,EDFZ,7567
2026-03-09 14:06:04,4b1f9d,HBLZH,LSGB,LSGE,1345
2026-03-09 10:12:33,39439b,FAZHN,LSGB,LSGB,2248
2026-03-09 09:15:28,a05b7b,N122DR,LSGB,LFAM,7258
2026-03-09 08:43:39,4b4434,HBZVO,LSGB,LSGS,3193
2026-03-09 08:13:49,4b4488,HBZYU,LSGB,LSGB,2639
2026-03-09 07:45:10,4b2841,HBPGJ,LSGB,LSGP,1150
2026-03-09 05:33:15,4b4271,AGV02,LSGB,LSGL,608
2026-03-08 16:40:35,4b3305,RGA18,LSGB,LSGB,1050
2026-03-08 16:32:00,49d0bd,OKTNT,LSGB,LKPR,9508
2026-03-08 15:33:35,4b3e2c,AGV01,LSGB,LSGB,1284
2026-03-08 13:13:45,4b5140,HB3225,LSGB,LSGB,2714
2026-03-08 11:56:37,407d47,GSNDZ,LSGB,EGXG,11397
2026-03-08 10:08:45,4b2841,HBPGJ,LSGB,LSGB,876
2026-03-08 09:51:36,4b1af2,HBKFI,LSGB,LSGL,884
2026-03-08 08:46:00,4b1af2,HBKFI,LSGB,LSGB,2126
2026-03-08 08:16:03,4b4488,HBZYU,LSGB,LSGL,1316
2026-03-11 16:50:45,4b447f,HBZYL,LSGB,LSGB,843
2026-03-11 16:23:16,4b447f,HBZYL,LSGB,LSGB,852
2026-03-11 14:58:37,4b27bf,HBPBJ,LSGB,LSGG,1489
2026-03-11 14:56:32,4b4488,HBZYU,LSGB,LSGB,3598
2026-03-11 14:55:06,4aaa0b,SEJPK,LSGB,LSGB,1825
2026-03-11 12:49:04,4b4488,HBZYU,LSGB,LSGB,3435
2026-03-11 11:29:43,a45b7d,N380CA,LSGB,LSGG,1490
2026-03-11 10:59:03,4b4488,HBZYU,LSGB,LSGB,2476
2026-03-11 09:36:58,4b4488,HBZYU,LSGB,LSGB,3385
2026-03-11 07:57:38,4aaa0b,SEJPK,LSGB,LSGB,1761
2026-03-10 16:26:30,4b4488,HBZYU,LSGB,LSGB,1300
2026-03-10 14:47:44,4b3eb9,HBXTP,LSGB,LSPV,2764
2026-03-10 14:32:01,4b4488,HBZYU,LSGB,LSGT,2033
2026-03-10 13:56:08,4b2841,HBPGJ,LSGB,LSGE,3178
2026-03-10 09:35:18,4b4488,HBZYU,LSGB,LSGB,2579
2026-03-10 07:37:28,4b4488,HBZYU,LSGB,LSGB,776
2026-03-13 15:27:30,4b4488,HBZYU,LSGB,LSGB,989
2026-03-13 14:53:32,4b4271,AGV02,LSGB,LSGL,717
2026-03-13 12:22:54,4b4089,HBYLL,LSGB,LSZF,4470
2026-03-13 12:22:02,4b4072,HBYKO,LSGB,LSPU,2153
2026-03-13 10:48:08,4b4488,HBZYU,LSGB,LSGB,789
2026-03-13 10:34:32,4b1af2,HBKFI,LSGB,LSGL,1037
2026-03-13 08:36:02,4b4488,HBZYU,LSGB,LSGB,2637
2026-03-13 07:59:43,4b089d,HBDGV,LSGB,LSZB,3332
2026-03-12 18:02:02,4b0878,HBDFK,LSGB,LSZG,3035
2026-03-12 17:28:40,391f28,FGHZI,LSGB,LFEV,3448
2026-03-12 16:57:40,4b4488,HBZYU,LSGB,LSGB,726
2026-03-12 15:47:11,4b4488,HBZYU,LSGB,LSGB,3269
2026-03-12 14:50:20,4b1af2,HBKFI,LSGB,LSGL,3029
2026-03-12 14:25:09,4b4449,HBZWJ,LSGB,LSZG,2477
2026-03-12 13:34:55,4b4488,HBZYU,LSGB,LSGB,3492
2026-03-12 13:02:17,4b3301,RGA04,LSGB,LSGL,631
2026-03-12 12:38:05,4b4271,AGV02,LSGB,LSTA,2458
2026-03-12 12:06:38,39439b,FAZHN,LSGB,LSGB,2434
2026-03-15 14:31:30,4aaa0b,SEJPK,LSGB,LSGB,3729
2026-03-15 14:10:50,4b2841,HBPGJ,LSGB,LSGY,1120
2026-03-15 12:00:37,4b447d,HBZYJ,LSGB,LSGB,1207
2026-03-15 11:55:41,44d901,OOVHA,LSGB,LFLI,1282
2026-03-15 11:33:37,4b3305,RGA18,LSGB,LSGB,652
2026-03-15 11:12:56,4b447d,HBZYJ,LSGB,LSGB,740
2026-03-15 10:50:13,4b4b7a,HB1747,LSGB,LSGB,800
2026-03-15 10:29:45,4b1b8a,HBKLE,LSGB,LSZG,2666
2026-03-14 09:10:08,4b3e2c,AGV01,LSGB,LSGL,700
2026-03-17 23:40:44,4b4271,AGV01,LSGB,LSGL,720
2026-03-17 18:10:49,4b447d,HBZYJ,LSGB,LSGB,603
2026-03-17 13:22:11,4b1baf,HBKMP,LSGB,LSGL,958
2026-03-17 11:45:06,4b4488,HBZYU,LSGB,LSGB,3006
2026-03-17 10:04:34,4b447d,HBZYJ,LSGB,LSGB,6375
2026-03-16 15:39:40,4b41d1,HBYYB,LSGB,LSGB,1441
2026-03-16 14:26:35,4b41d1,HBYYB,LSGB,LSGB,681
2026-03-16 13:53:00,4b4488,HBZYU,LSGB,LSGB,2925
2026-03-16 11:30:23,4b4488,HBZYU,LSGB,LSGB,1469
2026-03-16 10:54:19,44d901,OOVHA,LSGB,EBKT,17824
2026-03-16 09:33:23,4b4488,HBZYU,LSGB,LSGB,1894
2026-03-16 07:21:58,4b4488,HBZYU,LSGB,LSGB,3742
2026-03-19 18:38:11,4b4271,AGV01,LSGB,LSGL,638
2026-03-19 14:57:30,4b4488,HBZYU,LSGB,LSGB,691
2026-03-19 14:01:42,4b2816,HBPES,LSGB,LSZG,1891
2026-03-19 13:25:08,4b1b54,HBKJC,LSGB,LSGP,1507
2026-03-19 13:23:49,4b0e59,HBFLH,LSGB,LSGL,998
2026-03-19 13:22:33,4b4271,AGV02,LSGB,LSGS,3602
2026-03-19 13:20:34,4b1b55,HBKJD,LSGB,LSGP,1657
2026-03-19 13:05:05,4b4488,HBZYU,LSGB,LSGB,2481
2026-03-19 10:03:28,44081c,OEFAX,LSGB,LFLY,3176
2026-03-19 09:53:14,4b447d,HBZYJ,LSGB,LSGB,1454
2026-03-19 09:03:16,4b4488,HBZYU,LSGB,LSGB,3520
2026-03-18 14:58:52,4b447d,HBZYJ,LSGB,LSGB,1821
2026-03-18 12:06:00,4b23e7,HBNPN,LSGB,LSZL,3913
2026-03-21 16:40:39,4b3e2c,AGV01,LSGB,LSGL,675
2026-03-21 15:48:01,4b2816,HBPES,LSGB,LSZG,1971
2026-03-21 15:21:00,4b4488,HBZYU,LSGB,LSGB,4722
2026-03-21 13:49:00,4b4488,HBZYU,LSGB,LSGB,1015
2026-03-21 13:03:42,4b3e2c,AGV01,LSGB,LSGL,603
2026-03-21 12:48:30,4b4488,HBZYU,LSGB,LSGB,868
2026-03-21 12:47:35,49d55e,OKSRT,LSGB,EBMO,8273
2026-03-21 12:08:55,4b4488,HBZYU,LSGB,LSGB,958
2026-03-21 11:03:41,4b1f2f,HBLVB,LSGB,LSZB,3664
2026-03-21 10:45:15,4b5167,HB3264,LSGB,LSGB,4993
2026-03-21 10:28:36,4b447d,HBZYJ,LSGB,LSGT,1040
2026-03-21 10:25:00,4b4488,HBZYU,LSGB,LSGB,890
2026-03-21 09:33:00,4b4488,HBZYU,LSGB,LSGB,746
2026-03-21 08:38:50,4aaa0b,SEJPK,LSGB,LIMJ,4372
2026-03-21 08:05:39,4b4488,HBZYU,LSGB,LSGB,705
2026-03-21 07:55:12,44081c,OEFAX,LSGB,LSZG,2455
2026-03-20 15:53:19,4b447d,HBZYJ,LSGB,LSGB,3351
2026-03-20 15:33:17,4b4488,HBZYU,LSGB,LSGB,1750
2026-03-20 15:05:30,3008b1,IDIOT,LSGB,LSGB,3700
2026-03-20 13:46:45,4b447f,HBZYL,LSGB,LSGB,2135
2026-03-20 13:31:00,4b4488,HBZYU,LSGB,LSGB,2029
2026-03-20 13:06:04,4b27d0,HBPCA,LSGB,LSGC,2187
2026-03-20 12:53:20,4b4488,HBZYU,LSGB,LSGB,1198
2026-03-20 10:09:27,3008b1,IDIOT,LSGB,LSGB,6115
2026-03-20 09:36:18,4b3abe,HBWGK,LSGB,LFLI,2620
2026-03-20 09:11:40,4b4488,HBZYU,LSGB,LSGB,4218
2026-03-20 07:59:40,4b4398,HBZPO,LSGB,LSGB,985
2026-03-20 07:54:36,4b447d,HBZYJ,LSGB,,1040
2026-03-20 07:43:46,4b1b55,HBKJD,LSGB,LSGP,1423
2026-03-20 06:22:59,4b4471,HBZXX,LSGB,LSGG,1133
2026-03-23 15:48:54,4b447d,HBZYJ,LSGB,LSGB,2347
2026-03-23 15:14:17,4b1bae,HBKMO,LSGB,LSZB,1608
2026-03-23 10:41:30,4b4488,HBZYU,LSGB,LSGB,1340
2026-03-23 09:01:06,4b4488,HBZYU,LSGB,LSGB,665
2026-03-23 08:20:04,4b44a3,HBZZV,LSGB,LFKX,1310
2026-03-23 08:02:14,4b4488,HBZYU,LSGB,LSGB,2415
2026-03-23 07:44:38,4b4398,HBZPO,LSGB,LSGB,5765
2026-03-22 16:32:43,4b4471,HBZXX,LSGB,LSGB,1605
2026-03-25 18:13:36,4b4271,AGV01,LSGB,LSGL,787
2026-03-25 13:50:20,4b4471,HBZXX,LSGB,LSZF,4593
2026-03-25 09:54:46,4b3305,RGAIJ,LSGB,LSMP,2185
2026-03-24 17:06:45,4b4488,HBZYU,LSGB,LSGB,2285
2026-03-24 14:24:01,4b4488,HBZYU,LSGB,LSGB,2816
2026-03-24 14:11:56,4b3307,RGAIL,LSGB,LSGL,1031
2026-03-24 11:15:47,4b4488,HBZYU,LSGB,LSGB,3730
2026-03-24 11:08:09,43f821,2HELZ,LSGB,LFHM,917
2026-03-24 10:48:15,4b4471,HBZXX,LSGB,LSGB,1781
2026-03-24 10:48:14,4b3abe,HBWGK,LSGB,LSGB,2577
2026-03-24 09:24:30,4b4488,HBZYU,LSGB,LSGB,3117
2026-03-24 07:43:48,4b4488,HBZYU,LSGB,LSGB,3011
2026-03-24 07:25:26,4b4471,HBZXX,LSGB,LSGB,1983
2026-03-27 14:00:47,3008b1,IDIOT,LSGB,LSGB,2735
2026-03-27 12:31:35,4b4488,HBZYU,LSGB,LSGB,905
2026-03-27 09:32:08,4b4488,HBZYU,LSGB,LSGB,3016
2026-03-27 07:30:29,4b447d,HBZYJ,LSGB,LSGB,982
2026-03-29 15:47:35,4b22ff,HBNGP,LSGB,LSZB,1544
2026-03-29 14:20:42,4b4b7a,HB1747,LSGB,LSGB,4451
2026-03-29 13:28:03,4b4b7a,HB1747,LSGB,LSGB,1482
2026-03-29 12:46:38,4b3305,RGA18,LSGB,LSGL,615
2026-03-29 12:18:38,4b5140,HB3225,LSGB,LSGB,3015
2026-03-28 16:15:26,5004ea,T7AVB,LSGB,LSGL,777
2026-03-28 13:23:30,4b3305,RGA18,LSGB,LSGB,972
2026-03-28 12:55:48,4b439e,HBZPU,LSGB,LSGB,1314
2026-03-28 12:34:03,4b4488,HBZYU,LSGB,LSGB,2142
2026-03-28 10:40:08,4b25ea,HBOJI,LSGB,LSGL,1300
2026-03-28 07:39:50,4b447f,HBZYL,LSGB,LSGB,1117
2026-03-31 15:03:11,4b439e,HBZPU,LSGB,LSGB,603
2026-03-31 13:34:03,4b42f1,LAS3,LSGB,LSZB,5824
2026-03-31 12:59:14,4b4488,HBZYU,LSGB,LSGB,891
2026-03-31 12:03:46,4b439e,HBZPU,LSGB,LSGB,1633
2026-03-31 11:58:41,4b4471,HBZXX,LSGB,LSZM,3415
2026-03-31 08:51:23,4b4488,HBZYU,LSGB,LSGB,6113
2026-03-31 08:33:13,4b43e5,HBZSN,LSGB,LSZB,2124
2026-03-30 12:31:31,4b4488,HBZYU,LSGB,LSGB,2510
2026-03-30 10:35:42,4b3e19,HBXNL,LSGB,LSGP,1541
2026-03-30 08:51:13,4b4488,HBZYU,LSGB,LSGB,3131
2026-04-02 14:24:55,4b4488,HBZYU,LSGB,LSGB,701
2026-04-02 12:23:59,a91672,N685GT,LSGB,EGKB,10999
2026-04-02 12:11:31,461838,OHJEM,LSGB,LSGL,760
2026-04-02 11:36:43,4b4488,HBZYU,LSGB,LSGB,2172
2026-04-02 08:22:24,4b4488,HBZYU,LSGB,LSGB,905
2026-04-01 13:58:16,4b3301,RGA04,LSGB,LSGL,687
2026-04-01 13:21:14,4b25ea,HBOJI,LSGB,LSGT,2428
2026-04-01 12:50:42,4b4488,HBZYU,LSGB,LSGB,3032
2026-04-01 11:27:45,4b1baf,HBKMP,LSGB,LSZB,4024
2026-04-01 08:33:45,4b3305,RGAIJ,LSGB,LSTZ,7481
2026-04-04 17:19:45,4b447d,HBZYJ,LSGB,LSGB,1724
2026-04-04 16:40:06,4b4488,HBZYU,LSGB,LSGB,3265
2026-04-04 15:43:20,4b4488,HBZYU,LSGB,LSGB,729
2026-04-04 15:05:30,4b4488,HBZYU,LSGB,LSGB,1496
2026-04-04 14:30:14,4b1bd4,HBKOA,LSGB,LSGT,1261
2026-04-04 13:45:02,4b4488,HBZYU,LSGB,LSGB,2556
2026-04-04 13:40:01,4b5140,HB3225,LSGB,LSGB,2965
2026-04-04 13:10:49,4b5140,HB3225,LSGB,LSGB,1088
2026-04-04 12:03:45,4b1f40,SFS21,LSGB,LSGC,1857
2026-04-04 11:58:30,4b4488,HBZYU,LSGB,LSGB,658
2026-04-04 11:17:50,4b447d,HBZYJ,LSGB,,2315
2026-04-04 10:46:03,4b0935,HBDMR,LSGB,EBAW,9040
2026-04-04 09:57:58,4b4e69,HB2498,LSGB,LSGB,675
2026-04-03 17:14:52,4b4488,HBZYU,LSGB,LSGB,2442
2026-04-03 14:49:06,4b4b3d,HB1686,LSGB,LSGB,1036
2026-04-03 14:02:13,4b4271,AGV02,LSGB,LSGG,1196
2026-04-03 13:39:30,4b439e,HBZPU,LSGB,LSGB,3580
2026-04-03 13:00:09,39033c,FJZXR,LSGB,LFLI,1938
2026-04-03 12:59:00,4b5140,HB3225,LSGB,LSGB,3759
2026-04-03 12:31:04,4b27d0,HBPCA,LSGB,LSGC,1602
2026-04-03 11:46:24,4b5140,HB3225,LSGB,LSGB,812
2026-04-03 11:39:31,4b1ba0,HBKMA,LSGB,LSZH,3406
2026-04-03 11:20:43,4b4471,HBZXX,LSGB,LSGL,811
2026-04-03 11:06:01,4b2837,HBPFZ,LSGB,LSZQ,2244
2026-04-03 10:58:17,4b5140,HB3225,LSGB,LSGB,1026
2026-04-03 10:48:07,4b4e69,HB2498,LSGB,LSGK,16580
2026-04-03 09:41:01,4b25ea,HBOJI,LSGB,LSGL,1318
2026-04-03 09:32:15,4b447d,HBZYJ,LSGB,LSGB,2136
2026-04-03 09:01:48,39d52b,FHVJL,LSGB,LSZJ,1839
2026-04-03 09:01:33,4b439e,HBZPU,LSGB,LSGB,1489
2026-04-03 08:13:23,4b439e,HBZPU,LSGB,LSGB,1700
2026-04-03 07:55:02,39033c,FJZXR,LSGB,LSGB,4232
2026-04-03 07:41:54,3008b1,IDIOT,LSGB,LSGB,7942
2026-04-06 16:07:11,449c62,OOGCB,LSGB,EBLG,7004
2026-04-06 15:28:04,4b4b3d,HB1686,LSGB,LSGB,1396
2026-04-06 13:48:46,4b27bf,HBPBJ,LSGB,LSGG,2561
2026-04-06 12:53:45,4b5184,HB3293,LSGB,LSGK,755
2026-04-06 12:08:12,4b4b3d,HB1686,LSGB,LSGB,733
2026-04-06 12:08:02,4b4b7a,HB1747,LSGB,LSGB,4332
2026-04-06 12:04:53,4b1bfb,HBKPN,LSGB,LSMF,4508
2026-04-06 11:53:43,3008b1,IDIOT,LSGB,LFHS,2964
2026-04-06 11:12:58,4b5140,HB3225,LSGB,LSGB,1818
2026-04-06 10:53:16,4b4b7a,HB1747,LSGB,LSGS,2697
2026-04-06 10:14:39,44d901,OOVHA,LSGB,LFQA,7658
2026-04-06 10:02:45,4b5167,HB3264,LSGB,LSGK,1768
2026-04-06 09:44:36,4b4488,HBZYU,LSGB,LSGN,7393
2026-04-06 09:31:18,4b5167,HB3264,LSGB,LSGB,959
2026-04-06 08:41:26,4b447d,HBZYJ,LSGB,LSGB,2384
2026-04-06 07:22:59,4b089d,HBDGV,LSGB,LFLI,1224
2026-04-06 07:05:04,4b4488,HBZYU,LSGB,LSGB,2561
2026-04-05 12:14:20,4b447d,HBZYJ,LSGB,LSGB,1293
2026-04-05 09:06:05,461fbd,OHMAN,LSGB,LSGL,1366
2026-04-05 08:26:40,4b25ea,HBOJI,LSGB,LSGL,4602
2026-04-05 07:55:20,4b4488,HBZYU,LSGB,LSGE,1381
2026-04-05 07:46:48,4aaa0b,SEJPK,LSGB,LSGL,849
2026-04-08 13:09:56,4aaa0b,SEJPK,LSGB,LSGL,808
2026-04-08 11:10:13,4b089d,HBDGV,LSGB,LSGB,1743
2026-04-08 09:58:05,4b4408,HBZTW,LSGB,LSGB,1120
2026-04-08 06:46:15,4b447d,HBZYJ,LSGB,,1866
2026-04-08 02:19:33,4b4271,AGV01,LSGB,LSGL,685
2026-04-07 13:02:39,461838,OHJEM,LSGB,LSGL,912
2026-04-07 07:49:20,4b447d,HBZYJ,LSGB,LSGB,3516
2026-04-07 06:53:56,4b4271,AGV01,LSGB,LSGL,628
2026-04-07 05:27:28,4b0935,HBDMR,LSGB,LSZG,2387
2026-04-10 15:23:48,4b447d,HBZYJ,LSGB,LSGB,1309
2026-04-10 14:19:33,4b4488,HBZYU,LSGB,LSGB,876
2026-04-10 13:48:44,4b4488,HBZYU,LSGB,LSGB,794
2026-04-10 12:01:33,4b2837,HBPFZ,LSGB,LSGC,1746
2026-04-10 10:34:24,4b4488,HBZYU,LSGB,LSGB,3801
2026-04-10 09:34:07,4b447d,HBZYJ,LSGB,LSGB,3252
2026-04-09 15:38:00,3d22a0,DELJC,LSGB,LSZG,2789
2026-04-09 15:20:35,4b1af2,HBKFI,LSGB,LSGL,1173
2026-04-09 13:40:00,4b4408,HBZTW,LSGB,LSGB,3458
2026-04-09 10:29:04,4b4488,HBZYU,LSGB,LSGB,1178
2026-04-11 16:13:23,4b4488,HBZYU,LSGB,LSGB,2410
2026-04-11 14:56:12,4b4488,HBZYU,LSGB,LSGB,867
2026-04-11 14:10:30,4b28b1,HBPKR,LSGB,LSGL,1176
2026-04-11 14:01:27,4b4b3d,HB1686,LSGB,LSGB,4256
2026-04-11 13:59:50,4b263d,HBOMN,LSGB,LSZB,1959
2026-04-11 13:26:30,4b4488,HBZYU,LSGB,LSGB,853
2026-04-11 13:18:30,4b06f4,HBCQM,LSGB,LSZN,3136
2026-04-11 12:59:52,4b1bf6,HBKPI,LSGB,LSZM,3539
2026-04-11 12:03:44,4b5184,HB3293,LSGB,LSGB,2873
2026-04-11 11:56:30,4b4488,HBZYU,LSGB,LSGB,1431
2026-04-11 10:39:36,4b447d,HBZYJ,LSGB,LSGT,1173
2026-04-11 09:13:02,4b4488,HBZYU,LSGB,LSGB,758
2026-04-11 08:20:13,4b4488,HBZYU,LSGB,LSGB,869
2026-04-11 07:27:33,4b4488,HBZYU,LSGB,LSGB,655
2026-04-11 06:39:15,4b41d1,HBYYB,LSGB,LSGB,11353
2026-04-11 05:42:44,44c06a,PGC31J,LSGB,LSGG,850
2026-04-14 15:35:33,4b4488,HBZYU,LSGB,LSGB,899
2026-04-14 15:06:35,4b449c,HBZZO,LSGB,LSGG,1403
2026-04-14 14:38:31,4b1f9d,HBLZH,LSGB,LSZB,1694
2026-04-14 14:11:08,4b3d0a,HBXDA,LSGB,LSZB,1578
2026-04-14 13:30:30,4b1bdd,HBKOJ,LSGB,LSZB,3189
2026-04-14 12:49:00,4b4488,HBZYU,LSGB,LSGB,1409
2026-04-14 08:01:40,4b4488,HBZYU,LSGB,LSGB,1188
2026-04-14 07:21:42,4b447f,HBZYL,LSGB,LFLY,4014
2026-04-13 13:43:48,4b7fa0,T319,LSGB,LSMD,4111
2026-04-13 13:39:45,4b3e2c,AGV01,LSGB,LSGL,700
2026-04-13 07:05:36,4b4488,HBZYU,LSGB,LSGB,1926
2026-04-16 17:33:21,4b447d,HBZYJ,LSGB,LSGS,938
2026-04-16 15:46:25,4b3305,RGA18,LSGB,LSGS,3075
2026-04-16 13:30:05,4b3e2d,AGV01,LSGB,LSGG,1216
2026-04-16 12:46:44,4b4488,HBZYU,LSGB,LSGB,818
2026-04-16 12:23:40,4b447d,HBZYJ,LSGB,LSTS,2627
2026-04-16 12:16:45,4b4488,HBZYU,LSGB,LSGB,944
2026-04-16 11:56:22,4b40df,HBYOT,LSGB,LSGY,2493
2026-04-16 11:07:37,4b51df,HB3384,LSGB,LSGT,5698
2026-04-16 10:33:44,4b4488,HBZYU,LSGB,LSGB,960
2026-04-16 10:03:35,4b3abe,HBWGK,LSGB,LSGB,5866
2026-04-15 13:23:26,486882,PHTBM,LSGB,EHBD,7925
2026-04-15 12:53:05,4b447d,HBZYJ,LSGB,,738
2026-04-15 12:33:30,4b4488,HBZYU,LSGB,LSGB,828
2026-04-15 11:58:36,4b4488,HBZYU,LSGB,LSGB,604
2026-04-15 10:58:30,4b4435,HBZVP,LSGB,LSGG,1490
2026-04-15 09:51:08,4b4488,HBZYU,LSGB,LSGB,3214
2026-04-15 09:23:46,4b4398,HBZPO,LSGB,LSGB,1020
2026-04-15 08:58:14,4b1b54,HBKJC,LSGB,LSGP,1572
2026-04-15 07:55:54,4b4488,HBZYU,LSGB,LSGB,3184
2026-04-15 07:09:26,4b4435,HBZVP,LSGB,LSZH,2911
2026-04-15 05:57:41,4b4478,HBZYE,LSGB,LSGB,8204
2026-04-18 14:43:04,4b4b7a,HB1747,LSGB,LSGB,2598
2026-04-18 14:18:22,4b4b7a,HB1747,LSGB,LSGB,780
2026-04-18 13:10:17,4b0c39,HBEQJ,LSGB,LSMM,2051
2026-04-18 12:40:33,4b447d,HBZYJ,LSGB,LSGB,1115
2026-04-18 12:12:52,4b4126,HBYRM,LSGB,LSZP,1559
2026-04-18 11:50:17,4b447d,HBZYJ,LSGB,LSGB,668
2026-04-18 11:47:00,3e7943,DKLCT,LSGB,EDSW,5667
2026-04-18 11:20:02,4b4488,HBZYU,LSGB,LSGB,2898
2026-04-18 10:50:34,4b5155,HB3246,LSGB,LSZW,10988
2026-04-18 10:10:39,4b3305,RGA18,LSGB,LSGL,702
2026-04-18 10:06:09,4b4b7a,HB1747,LSGB,LSGB,6916
2026-04-18 09:59:20,4b4488,HBZYU,LSGB,LSGB,754
2026-04-18 08:42:21,4b3e2d,AGV01,LSGB,LSGS,2575
2026-04-18 07:14:35,4b4488,HBZYU,LSGB,LSGB,1772
2026-04-17 15:44:18,4b4488,HBZYU,LSGB,LSTS,1200
2026-04-17 15:11:06,3008b1,IDIOT,LSGB,LSGB,4557
2026-04-17 12:10:00,4b0ca8,HBEUQ,LSGB,LSPN,4517
2026-04-17 10:26:37,4b4488,HBZYU,LSGB,LSGB,3226
2026-04-17 08:08:55,4b3abe,HBWGK,LSGB,LSGB,4825
2026-04-17 07:24:34,4b4488,HBZYU,LSGB,LSGB,4159
2026-04-20 12:34:02,4b3abe,HBWGK,LSGB,LSGB,5538
2026-04-20 11:11:49,4b4488,HBZYU,LSGB,LSGB,4000
2026-04-20 11:08:31,4b43e5,HBZSN,LSGB,LSGE,6088
2026-04-20 09:19:32,4b3abe,HBWGK,LSGB,LFHZ,1390
2026-04-20 09:17:16,4b4471,HBZXX,LSGB,LSGL,1972
2026-04-20 08:29:46,4b4488,HBZYU,LSGB,LSGB,6373
2026-04-20 07:48:55,4b3abe,HBWGK,LSGB,LSGB,3172
2026-04-20 06:53:00,4b4488,HBZYU,LSGB,LSGB,1552
2026-04-20 06:30:28,4b4488,HBZYU,LSGB,LSGB,748
2026-04-19 16:40:18,4b1af2,HBKFI,LSGB,LSGL,1549
2026-04-19 15:39:38,4b4471,HBZXX,LSGB,LSGB,1588
2026-04-19 11:38:22,4b4c5b,HB1972,LSGB,LSGB,8627
2026-04-19 09:05:50,4b4488,HBZYU,LSGB,LSGB,812
2026-04-19 06:14:13,4b4435,HBZVP,LSGB,LSGG,1446
2026-04-22 16:56:07,4b4488,HBZYU,LSGB,LSGT,981
2026-04-22 16:21:26,4b447d,HBZYJ,LSGB,LSGB,1091
2026-04-22 15:58:59,4b4398,HBZPO,LSGB,LFHM,1336
2026-04-22 13:44:32,4b447d,HBZYJ,LSGB,,1376
2026-04-22 13:18:10,4b4488,HBZYU,LSGB,LSGB,4054
2026-04-22 13:02:33,4b447d,HBZYJ,LSGB,LSGB,1914
2026-04-22 12:28:11,4b3305,RGA18,LSGB,LSTZ,2046
2026-04-22 11:17:19,4b3305,RGA18,LSGB,LSGB,1379
2026-04-22 10:32:34,4b4488,HBZYU,LSGB,LSGB,2514
2026-04-22 10:02:47,479ec3,LNPFN,LSGB,EDRK,5948
2026-04-22 07:32:37,4b447d,HBZYJ,LSGB,LSGK,2565
2026-04-22 06:29:42,4b4488,HBZYU,LSGB,LSGC,2290
2026-04-21 13:52:55,4b4488,HBZYU,LSGB,LSGB,4006
2026-04-21 12:47:44,4b447d,HBZYJ,LSGB,,926
2026-04-21 12:40:26,4b4488,HBZYU,LSGB,LSGB,668
2026-04-21 12:10:30,4b1b74,HBKKI,LSGB,LSZB,2543
2026-04-21 11:56:17,4b4488,HBZYU,LSGB,LSGB,1535
2026-04-21 11:50:08,4b25ea,HBOJI,LSGB,LSGL,1191
2026-04-21 11:40:58,4b3abe,HBWGK,LSGB,LSGB,3772
2026-04-21 11:33:46,4b4478,HBZYE,LSGB,LSGB,7708
2026-04-24 13:25:31,4b27d0,HBPCA,LSGB,LSGC,2521
2026-04-24 12:34:48,4b4488,HBZYU,LSGB,LSGB,2475
2026-04-24 10:04:37,4b4381,HBZOR,LSGB,LSGB,1486
2026-04-24 09:34:30,4b447d,HBZYJ,LSGB,LSGR,2767
2026-04-24 08:28:02,4b4488,HBZYU,LSGB,LSGB,2992
2026-04-24 08:27:52,4b4213,HBZAP,LSGB,LSGG,1804
2026-04-24 07:32:41,4b447f,HBZYL,LSGB,LSGS,3067
2026-04-24 05:52:23,4b447d,HBZYJ,LSGB,LSGB,603
2026-04-23 16:27:12,4b4488,HBZYU,LSGB,LSGB,1359
2026-04-23 15:45:42,4b23e0,HBNPG,LSGB,LSGE,1437
2026-04-23 14:46:31,4b4488,HBZYU,LSGB,LSGB,1610
2026-04-23 12:38:41,4b4488,HBZYU,LSGB,LSGB,3705
2026-04-23 08:57:05,4b1bdd,HBKOJ,LSGB,LSGL,984
2026-04-23 07:29:26,38dd7c,FJCJD,LSGB,LFLP,1482
2026-04-23 06:50:19,4b447d,HBZYJ,LSGB,,719
2026-04-23 06:49:52,4b4471,HBZXX,LSGB,LSGB,1962
2026-04-23 06:12:19,4b4488,HBZYU,LSGB,LSGT,1381
2026-04-26 15:43:03,4b27c0,HBPBK,LSGB,LSGL,773
2026-04-26 14:47:02,39be8b,FHPUL,LSGB,LSGB,1024
2026-04-26 14:35:14,4b4488,HBZYU,LSGB,LSGB,619
2026-04-26 14:30:27,4b447d,HBZYJ,LSGB,LSGK,1250
2026-04-26 14:14:42,4b4488,HBZYU,LSGB,LSGB,617
2026-04-26 12:59:30,4b4e79,HB2514,LSGB,LSPL,10596
2026-04-26 12:58:11,4b3301,RGA04,LSGB,LSGL,723
2026-04-26 12:52:12,4b4b3d,HB1686,LSGB,LSGB,12601
2026-04-26 12:02:40,4b4b3d,HB1686,LSGB,LSGB,687
2026-04-26 11:49:13,4b4b7a,HB1747,LSGB,LSGB,2443
2026-04-26 11:11:52,4b4b3d,HB1686,LSGB,LSGB,1771
2026-04-26 10:37:18,4b4488,HBZYU,LSGB,LSGB,1681
2026-04-26 09:22:07,4b4488,HBZYU,LSGB,LSGB,1624
2026-04-26 08:57:13,4b25ea,HBOJI,LSGB,LSZQ,3353
2026-04-26 08:37:23,4b4488,HBZYU,LSGB,LSGB,1534
2026-04-25 18:03:51,4b447d,HBZYJ,LSGB,LSGB,969
2026-04-25 17:38:25,4b4488,HBZYU,LSGB,LSGB,2641
2026-04-25 16:15:30,4b204d,HBMGB,LSGB,LSZR,2884
2026-04-25 15:07:22,4b089d,HBDGV,LSGB,LFLI,1007
2026-04-25 14:43:35,4b2685,HBOPH,LSGB,LSGP,2021
2026-04-25 14:18:32,4b4488,HBZYU,LSGB,LSGB,4000
2026-04-25 14:10:23,4b447d,HBZYJ,LSGB,LSGB,1308
2026-04-25 12:44:15,4b204d,HBMGB,LSGB,LSGB,776
2026-04-25 12:29:06,4d24da,N980MH,LSGB,LSPN,6885
2026-04-25 11:45:51,4b4488,HBZYU,LSGB,LSGB,1405
2026-04-25 10:58:12,4b3abe,HBWGK,LSGB,LSGB,4247
2026-04-25 10:06:34,4b5167,HB3264,LSGB,LSGS,1641
2026-04-25 09:37:05,4b4488,HBZYU,LSGB,LSGB,1340
2026-04-25 09:16:44,4b204d,HBMGB,LSGB,LSGB,675
2026-04-25 08:45:33,4b443f,HBZVZ,LSGB,LSGG,1513
2026-04-25 07:42:42,4b4488,HBZYU,LSGB,LSGB,2200
2026-04-28 10:29:41,39be8b,FHPUL,LSGB,LFBF,8641
2026-04-28 09:44:09,4b447f,HBZYL,LSGB,LSGB,732
2026-04-28 08:27:13,39be8b,FHPUL,LSGB,LSGB,1215
2026-04-28 07:39:51,39be8b,FHPUL,LSGB,LSGB,1563
2026-04-27 15:37:34,4b447d,HBZYJ,LSGB,LSGB,624
2026-04-27 15:37:00,39be8b,FHPUL,LSGB,LSGB,1572
2026-04-27 13:25:51,4b3305,RGA18,LSGB,LSGL,627
2026-04-27 13:24:21,39be8b,FHPUL,LSGB,LSGB,1168
2026-04-27 13:20:23,4b447d,HBZYJ,LSGB,LSGB,5346
2026-04-27 13:12:30,4b4488,HBZYU,LSGB,LSGB,2787
2026-04-27 10:04:20,4b4488,HBZYU,LSGB,LSGB,4139
2026-04-27 09:37:32,4b4488,HBZYU,LSGB,LSGB,638
2026-04-27 09:09:44,a63b7c,N500RW,LSGB,LSGL,659
2026-04-27 09:09:41,39be8b,FHPUL,LSGB,LSGB,1818
2026-04-27 08:28:19,4b4471,HBZXX,LSGB,LSGB,1529
2026-04-27 07:59:30,4b4488,HBZYU,LSGB,LSGB,794
2026-04-27 07:50:25,39be8b,FHPUL,LSGB,LSGB,1893
2026-04-27 07:05:37,4b4488,HBZYU,LSGB,LSGB,1724
2026-04-27 05:28:52,3008b1,IDIOT,LSGB,LFHS,2917
2026-04-30 16:03:41,4b4488,HBZYU,LSGB,LSGB,1845
2026-04-30 13:54:39,4b4488,HBZYU,LSGB,LSGB,3378
2026-04-30 13:20:30,4b1bdd,HBKOJ,LSGB,LSGL,1018
2026-04-30 12:15:01,4b25ea,HBOJI,LSGB,LSGL,1969
2026-04-30 11:54:45,4b4488,HBZYU,LSGB,LSGB,1686
2026-04-30 10:36:42,4b2837,HBPFZ,LSGB,LSGC,1545
2026-04-30 09:54:04,4b447d,HBZYJ,LSGB,LSGL,1089
2026-04-30 09:27:09,4b4471,HBZXX,LSGB,LSGL,1005
2026-04-30 09:25:57,4b44a5,HBZZX,LSGB,LSGL,913
2026-04-30 09:21:08,4b4488,HBZYU,LSGB,LSGB,1116
2026-04-30 08:53:10,4b4488,HBZYU,LSGB,LSGB,1058
2026-04-30 06:25:12,4b447f,HBZYL,LSGB,LSGL,1450
2026-04-29 17:08:49,4b4271,AGV01,LSGB,LSGL,887
2026-04-29 15:14:58,4b4271,AGV01,LSGB,LSGL,780
2026-04-29 12:35:48,4b4488,HBZYU,LSGB,LSGB,1144
2026-04-29 11:52:41,4b4488,HBZYU,LSGB,LSGB,1365
2026-04-29 10:09:31,4b3fc5,HBYDX,LSGB,LSZL,8892
2026-04-29 07:35:54,4b4488,HBZYU,LSGB,LSGB,5883
2026-04-29 05:30:42,4b4213,HBZAP,LSGB,LSGG,1118
2026-05-02 13:05:07,4b4488,HBZYU,LSGB,LSGB,5253
2026-05-02 12:51:30,4b27bf,HBPBJ,LSGB,LSGG,3002
2026-05-02 12:47:04,4b447d,HBZYJ,LSGB,LSGB,1206
2026-05-02 11:31:01,4b4488,HBZYU,LSGB,LSGB,983
2026-05-02 10:32:30,4b4488,HBZYU,LSGB,LSGB,1060
2026-05-02 10:15:42,385bdc,FJHSS,LSGB,LSGE,1186
2026-05-02 09:49:47,4b5167,HB3264,LSGB,LSGK,1672
2026-05-02 09:24:21,4b447d,HBZYJ,LSGB,LSGK,1881
2026-05-02 08:54:43,39d52b,FHVJL,LSGB,LSGP,1353
2026-05-02 08:34:12,4b4488,HBZYU,LSGB,LSGB,1442
2026-05-02 07:45:35,4b447d,HBZYJ,LSGB,LSGB,3135
2026-05-02 07:12:53,3008b1,IDIOT,LSGB,LFLI,1374
2026-05-01 15:40:39,46316e,FSF858S,LSGB,LSGL,801
2026-05-01 15:00:34,4b4b7a,HB1747,LSGB,LSGB,2052
2026-05-01 13:52:10,4b447f,HBZYL,LSGB,LSGB,625
2026-05-01 13:16:31,4b447f,HBZYL,LSGB,LSGB,1029
2026-05-01 13:01:03,4b3305,RGA18,LSGB,LSTR,1060
2026-05-01 11:56:10,4b5140,HB3225,LSGB,LSGB,2324
2026-05-01 10:18:09,4403e5,OEKSG,LSGB,EDWN,11557
2026-05-01 09:46:24,4b4e69,HB2498,LSGB,LSGR,4246
2026-05-01 06:44:11,4b4488,HBZYU,LSGB,LSGB,2208
2026-05-01 05:58:09,4b447d,HBZYJ,LSGB,LSGL,890
2026-05-04 15:55:30,4b447d,HBZYJ,LSGB,LSGB,1138
2026-05-04 13:46:14,4b4435,HBZVP,LSGB,LSGB,980
2026-05-04 13:07:48,4b4488,HBZYU,LSGB,LSGB,843
2026-05-04 11:57:22,4b4488,HBZYU,LSGB,LSGB,2189
2026-05-04 10:47:42,4b447d,HBZYJ,LSGB,LSGB,2323
2026-05-04 08:41:04,4b4488,HBZYU,LSGB,LSGB,4456
2026-05-04 06:22:07,4b4488,HBZYU,LSGB,LSGB,4368
2026-05-03 15:44:31,4b1c8d,HBKVD,LSGB,LSTR,1537
2026-05-03 15:27:23,4b4471,HBZXX,LSGB,LSPV,3485
2026-05-03 14:49:32,4b3301,RGA04,LSGB,LSGL,618
2026-05-03 14:35:54,4b447d,HBZYJ,LSGB,LSGB,1340
2026-05-03 12:00:42,4b27bf,HBPBJ,LSGB,LSGG,1656
2026-05-06 16:10:00,4b32fe,RGA03,LSGB,LSZB,2278
2026-05-06 14:37:06,4b7f5a,COL61,LSGB,LSME,1115
2026-05-06 14:37:01,4b7fad,COL72,LSGB,LSME,1087
2026-05-06 13:47:07,4b4471,HBZXX,LSGB,LSGB,7255
2026-05-06 12:27:08,4b7f5a,GIZ11,LSGB,LSME,1297
2026-05-06 12:27:00,4b7fac,GIZ22,LSGB,LSME,1265
2026-05-06 03:36:34,4b4271,AGV01,LSGB,LSGL,772
2026-05-05 12:05:55,4b447d,HBZYJ,LSGB,LSGB,2105
2026-05-05 09:54:44,5004ea,T7AVB,LSGB,LSGL,956
2026-05-05 08:52:04,4b447d,HBZYJ,LSGB,LSGB,2272
2026-05-08 21:45:15,4b3308,RGA18,LSGB,LSGL,604
2026-05-08 15:55:36,4b1b9d,HBKLX,LSGB,LSGY,1246
2026-05-08 13:49:17,4b4488,HBZYU,LSGB,LSGT,2100
2026-05-08 13:11:45,4b447d,HBZYJ,LSGB,LSGB,748
2026-05-08 12:00:13,4b4488,HBZYU,LSGB,LSGB,1510
2026-05-08 11:28:53,4b4488,HBZYU,LSGB,LSGB,1026
2026-05-08 10:09:30,4b4488,HBZYU,LSGB,LSGB,1886
2026-05-08 09:29:26,44081c,OEFAX,LSGB,LSZG,2598
2026-05-08 09:12:19,4b1bdd,HBKOJ,LSGB,LSGL,1157
2026-05-08 08:34:05,4b1b9d,HBKLX,LSGB,LSGY,1581
2026-05-08 08:15:35,4b4488,HBZYU,LSGB,LSGT,2844
2026-05-08 06:38:03,38d87c,FJBKP,LSGB,LFLI,1345
2026-05-07 15:16:22,5004ea,T7AVB,LSGB,LSGL,2004
2026-05-07 10:30:18,39439b,FAZHN,LSGB,LFSH,3450
2026-05-07 08:21:37,4b447d,HBZYJ,LSGB,LSGB,2658
2026-05-07 07:57:51,4b4213,HBZAP,LSGB,LSGG,1261
2026-05-07 07:41:50,4b3e19,HBXNL,LSGB,LSGP,1327
2026-05-07 07:41:32,4b28e3,HBPMP,LSGB,LSGY,3116
2026-05-10 13:00:20,4b4213,HBZAP,LSGB,LSGL,630
2026-05-10 10:00:50,4b5140,HB3225,LSGB,LSGB,1345
2026-05-10 09:08:32,4b5140,HB3225,LSGB,LSGB,1005
2026-05-10 07:59:09,4b5140,HB3225,LSGB,LSGB,1238
2026-05-09 16:14:11,4b447d,HBZYJ,LSGB,LSGB,1608
2026-05-09 14:58:52,4b4c5b,HB1972,LSGB,LSGB,709
2026-05-09 14:58:04,4083a2,GLUMI,LSGB,EDNX,5920
2026-05-09 14:21:11,4b4488,HBZYU,LSGB,LSGB,962
2026-05-09 12:39:43,4b4488,HBZYU,LSGB,LSGB,818
2026-05-09 12:20:49,4b5140,HB3225,LSGB,LSGB,3147
2026-05-09 11:51:15,4b4488,HBZYU,LSGB,LSGB,610
2026-05-09 11:41:37,4b4b7a,HB1747,LSGB,LSGB,1665
2026-05-09 11:13:36,4b4c5b,HB1972,LSGB,LSGB,6203
2026-05-09 10:56:30,4b3abe,HBWGK,LSGB,LSGB,5290
2026-05-09 10:06:28,4b4b7a,HB1747,LSGB,LSGB,3608
2026-05-09 09:34:09,4b3abe,HBWGK,LSGB,LSGB,3140
2026-05-09 09:18:20,4b1b8a,HBKLE,LSGB,LSZG,1956
2026-05-09 08:57:42,39d52b,FHVJL,LSGB,LSGP,1601
2026-05-09 08:24:13,4b4488,HBZYU,LSGB,LSGB,795
2026-05-09 07:30:49,4b4488,HBZYU,LSGB,LSGB,1174
2026-05-09 07:25:04,4b447d,HBZYJ,LSGB,LSGB,2482
2026-05-12 15:50:33,4b4471,HBZXX,LSGB,LSGB,1653
2026-05-12 13:19:00,390832,FGCBS,LSGB,LFLS,3145
2026-05-12 11:59:09,4b447d,HBZYJ,LSGB,LSGB,2337
2026-05-12 09:27:57,4b447b,HBZYH,LSGB,LSGB,1638
2026-05-11 15:49:59,4b3e19,HBXNL,LSGB,LSGP,1400
2026-05-11 08:40:40,4b4271,AGV01,LSGB,LSGL,703
2026-05-14 20:18:20,4b4271,AGV01,LSGB,LSGS,2210
2026-05-14 19:06:06,4b4271,AGV01,LSGB,LSGB,623
2026-05-14 14:02:48,4b4435,HBZVP,LSGB,LSZH,2733
2026-05-13 13:41:05,4b4408,HBZTW,LSGB,LSGB,1056
2026-05-13 12:18:08,4b447d,HBZYJ,LSGB,LSGB,2811
2026-05-13 11:52:09,4b4488,HBZYU,LSGB,LSGB,2954
2026-05-13 09:18:36,4b447d,HBZYJ,LSGB,LSGB,2212
2026-05-16 17:32:39,4b4488,HBZYU,LSGB,LSGB,692
2026-05-16 15:16:03,4b4488,HBZYU,LSGB,LSGB,1674
2026-05-16 14:15:02,4b4488,HBZYU,LSGB,LSGB,2935
2026-05-16 12:20:42,4b4488,HBZYU,LSGB,LSGB,4053
2026-05-16 10:14:47,a88a71,N65AR,LSGB,LSMM,6282
2026-05-16 06:16:49,3008b1,IDIOT,LSGB,LFLI,1638
2026-05-15 15:59:56,4b3302,RGAIG,LSGB,LSTZ,922
2026-05-15 12:53:02,4b447d,HBZYJ,LSGB,LSGB,2739
2026-05-15 11:19:14,4b4213,HBZAP,LSGB,LSGG,1238
2026-05-15 06:51:29,4b447d,HBZYJ,LSGB,LSGB,1199
2026-05-18 16:16:09,4b447c,HBZYI,LSGB,LSZO,1769
2026-05-18 15:10:48,4b4488,HBZYU,LSGB,LSGB,4618
2026-05-18 09:04:36,4b4488,HBZYU,LSGB,LSGB,2723
2026-05-18 08:32:15,4b447d,HBZYJ,LSGB,LSGB,3095
2026-05-18 06:48:53,4b4488,HBZYU,LSGB,LSGB,4665
2026-05-18 05:48:05,4b4471,HBZXX,LSGB,LSGR,5181
2026-05-17 19:01:19,4b4271,AGV01,LSGB,LSGL,658
2026-05-17 15:58:53,4b5100,HB3161,LSGB,LSGY,2747
2026-05-17 15:36:32,4b51bf,HB3352,LSGB,LSGY,4116
2026-05-17 12:55:30,4b4488,HBZYU,LSGB,LSGB,1395
2026-05-17 11:19:53,4b293a,HBPPY,LSGB,LSZG,2289
2026-05-17 10:28:49,4b3301,RGA04,LSGB,LSGL,710
2026-05-17 09:55:51,4b0abc,HBEBS,LSGB,LSGB,1721
2026-05-17 09:26:16,4b4488,HBZYU,LSGB,LSGB,2923
2026-05-20 16:07:30,4b27bf,HBPBJ,LSGB,LSGG,1387
2026-05-20 14:04:51,4b4488,HBZYU,LSGB,LSGB,2633
2026-05-20 13:48:22,4b3308,RGA18,LSGB,LSGL,694
2026-05-20 13:14:17,4b0c84,HBETG,LSGB,LSZT,4300
2026-05-20 12:25:07,4b2816,HBPES,LSGB,LSZG,2275
2026-05-20 11:47:03,4b447d,HBZYJ,LSGB,LSGB,2597
2026-05-20 11:38:31,4b4488,HBZYU,LSGB,LSGB,3407
2026-05-20 10:17:04,aab5b7,N79AL,LSGB,EGKB,10386
2026-05-20 08:45:15,4b4488,HBZYU,LSGB,LSGB,2570
2026-05-20 06:57:42,4b4488,HBZYU,LSGB,LSGB,1527
2026-05-19 16:09:46,4b447c,HBZYI,LSGB,LSZO,3436
2026-05-19 15:51:01,4b3abe,HBWGK,LSGB,LSGB,1403
2026-05-19 15:01:57,4b4471,HBZXX,LSGB,LSPV,3530
2026-05-19 14:54:46,4b3abe,HBWGK,LSGB,LSGB,1990
2026-05-19 14:45:25,4b089d,HBDGV,LSGB,LSGC,1151
2026-05-19 13:42:14,4b27bf,HBPBJ,LSGB,LSGY,1353
2026-05-19 09:13:32,4b25ea,HBOJI,LSGB,LSGL,1947
2026-05-19 08:48:12,4b4488,HBZYU,LSGB,LSGB,1466
2026-05-22 17:25:47,4b4488,HBZYU,LSGB,LSGB,3176
2026-05-22 16:06:57,4b4c5b,HB1972,LSGB,LSGB,732
2026-05-22 14:11:00,4b4c5b,HB1972,LSGB,LSGB,2933
2026-05-22 13:56:40,38d87c,FJBKP,LSGB,LFLP,963
2026-05-22 13:17:39,4b4488,HBZYU,LSGB,LSGB,919
2026-05-22 12:47:01,4b4c5b,HB1972,LSGB,LSGK,2598
2026-05-22 11:31:00,4b4c5b,HB1972,LSGB,LSGB,1945
2026-05-22 10:54:07,4b4c5b,HB1972,LSGB,LSGB,1449
2026-05-22 10:32:12,4b4488,HBZYU,LSGB,LSGB,4995
2026-05-22 09:00:04,4b3abe,HBWGK,LSGB,LSGB,5092
2026-05-21 14:16:03,4b25ea,HBOJI,LSGB,LSGL,2331
2026-05-21 12:15:18,4b4488,HBZYU,LSGB,LSGB,2869
2026-05-21 10:03:14,43ec6e,2EGJB,LSGB,LFLI,1125
2026-05-21 07:35:49,4b3f6a,HBYAK,LSGB,LSGB,3732
2026-05-21 07:28:12,4b4488,HBZYU,LSGB,LSGB,3977
2026-05-24 16:03:01,4b1af2,HBKFI,LSGB,LSGL,1170
2026-05-24 15:32:34,4b447d,HBZYJ,LSGB,LSGB,2174
2026-05-24 13:32:12,4b0b24,HBEFS,LSGB,LSZQ,3029
2026-05-24 12:34:30,4b4c5b,HB1972,LSGB,LSGB,1251
2026-05-24 10:16:51,4b4c5b,HB1972,LSGB,LSGB,5953
2026-05-24 10:09:48,4b3f6a,HBYAK,LSGB,LSGB,2550
2026-05-24 09:34:21,4b3308,RGA18,LSGB,LSGB,1847
2026-05-24 08:44:26,4b447d,HBZYJ,LSGB,,678
2026-05-24 07:29:34,4b4e69,HB2498,LSGB,LSGB,1043
2026-05-23 16:28:34,4b447d,HBZYJ,LSGB,LSGS,713
2026-05-23 15:14:11,4b3308,RGA18,LSGB,LSGL,655
2026-05-23 14:58:18,4b5140,HB3225,LSGB,LSGB,3992
2026-05-23 14:46:44,4b447d,HBZYJ,LSGB,LSGB,1233
2026-05-23 14:20:14,4b4488,HBZYU,LSGB,LSGB,963
2026-05-23 13:08:48,4b4488,HBZYU,LSGB,LSGB,1511
2026-05-23 12:36:44,4b5140,HB3225,LSGB,LSGB,730
2026-05-23 12:19:43,4b1bf6,HBKPI,LSGB,LSZM,4605
2026-05-23 11:45:35,4b4488,HBZYU,LSGB,LSGB,1014
2026-05-23 10:57:35,4b5140,HB3225,LSGB,LSGB,4042
2026-05-23 09:45:52,4b4488,HBZYU,LSGB,LSGB,1700
2026-05-23 09:13:03,4b447d,HBZYJ,LSGB,LSGC,2032
2026-05-23 09:10:11,4b5167,HB3264,LSGB,LSTS,3895
2026-05-23 08:09:31,4b3301,RGA04,LSGB,LSGL,1280
2026-05-23 07:58:35,4b4e69,HB2498,LSGB,LSPM,7732
2026-05-23 07:25:35,4b4488,HBZYU,LSGB,LSGB,1490
2026-05-23 06:26:10,4b4488,HBZYU,LSGB,LSGB,1219
2026-05-26 16:49:53,4b3308,RGA18,LSGB,LSGL,630
2026-05-26 12:12:30,4b447d,HBZYJ,LSGB,LSGB,777
2026-05-26 12:11:44,4b4488,HBZYU,LSGB,LSGB,2337
2026-05-26 10:00:19,4b4488,HBZYU,LSGB,LSGB,3758
2026-05-26 07:56:40,4b3abe,HBWGK,LSGB,LSGB,3170
2026-05-26 06:37:28,4b447d,HBZYJ,LSGB,LSGK,989
2026-05-25 15:56:12,4b4488,HBZYU,LSGB,LSGB,1389
2026-05-25 14:19:00,4b447d,HBZYJ,LSGB,LSGB,1406
2026-05-25 13:04:35,4b447d,HBZYJ,LSGB,LSGB,1147
2026-05-25 12:38:33,4b2650,HBONG,LSGB,LSGE,1862
2026-05-25 12:15:43,4b1b9d,HBKLX,LSGB,LSGY,1405
2026-05-25 12:04:00,4b1af2,HBKFI,LSGB,LSGE,1689
2026-05-25 11:35:14,4b4488,HBZYU,LSGB,LSGB,2922
2026-05-25 11:34:50,4b4b3d,HB1686,LSGB,LSGB,7504
2026-05-25 09:14:26,4b4488,HBZYU,LSGB,LSGB,3778
2026-05-25 06:54:35,4b4488,HBZYU,LSGB,LSGB,1462
2026-05-25 06:20:40,a5fbc5,N485GC,LSGB,LFQA,4390
2026-05-25 06:02:42,4b4488,HBZYU,LSGB,LSGB,1127
2026-05-28 16:37:22,49d4c6,OKAFT,LSGB,LFLI,1073
2026-05-28 12:01:12,4b1b54,HBKJC,LSGB,LSGP,1964
2026-05-28 11:48:12,4b43e5,HBZSN,LSGB,LSZP,2055
2026-05-28 08:33:05,4b4434,HBZVO,LSGB,LSGS,3556
2026-05-28 07:35:42,4b3f6a,HBYAK,LSGB,LSGB,5913
2026-05-28 06:55:18,4b4488,HBZYU,LSGB,LSGB,6472
2026-05-27 15:18:10,4b4c5b,HB1972,LSGB,LSGB,5069
2026-05-27 14:53:21,4b4b3d,HB1686,LSGB,LSGB,10632
2026-05-27 13:52:37,4b447d,HBZYJ,LSGB,LSGS,2373
2026-05-27 13:23:56,4b4c5b,HB1972,LSGB,LSGB,5996
2026-05-27 11:17:02,4b0b24,HBEFS,LSGB,LSGN,1615
2026-05-27 09:25:55,39c672,FHRTS,LSGB,LFKA,1076
2026-05-27 09:22:46,4b3f6a,HBYAK,LSGB,LSGB,2079
2026-05-27 08:20:52,4b4488,HBZYU,LSGB,LSGB,752
2026-05-27 07:08:39,4b3abe,HBWGK,LSGB,LSGB,4133
2026-05-30 16:39:50,4b4488,HBZYU,LSGB,LSGB,3237
2026-05-30 16:09:01,4b3301,RGA04,LSGB,LSGL,625
2026-05-30 15:36:05,4b5155,HB3246,LSGB,LSGT,1253
2026-05-30 15:15:33,4b447d,HBZYJ,LSGB,LSGB,794
2026-05-30 13:38:18,4b4c5b,HB1972,LSGB,LSGB,891
2026-05-30 13:29:19,4b1b8a,HBKLE,LSGB,LSZG,2864
2026-05-30 13:09:17,4b447f,HBZYL,LSGB,LSGB,1032
2026-05-30 12:17:37,4b4488,HBZYU,LSGB,LSGL,1036
2026-05-30 12:04:12,4b447d,HBZYJ,LSGB,LSGS,606
2026-05-30 11:45:31,4b1b16,HBKGS,LSGB,LSGN,1485
2026-05-30 10:21:48,4b4c5b,HB1972,LSGB,LSGB,7745
2026-05-30 09:58:39,4b0c39,HBEQJ,LSGB,LSPG,3001
2026-05-30 09:56:46,4b447d,HBZYJ,LSGB,LSGB,1451
2026-05-30 09:35:25,4b447b,HBZYH,LSGB,LSGB,1868
2026-05-30 09:18:15,4b27bf,HBPBJ,LSGB,LSGG,2054
2026-05-30 09:06:22,4b4488,HBZYU,LSGB,LSGB,654
2026-05-30 08:56:14,4b447d,HBZYJ,LSGB,LSGB,1259
2026-05-30 08:10:42,4b3f6a,HBYAK,LSGB,LSGB,2315
2026-05-30 07:59:49,3008b1,IDIOT,LSGB,LSGB,4959
2026-05-30 07:21:40,4b4488,HBZYU,LSGB,LSGB,825
2026-05-30 07:00:01,4b3301,RGA04,LSGB,LSGL,605
2026-05-29 14:02:47,4b25ea,HBOJI,LSGB,LSGL,1212
2026-05-29 12:51:16,3008b1,IDIOT,LSGB,LSGP,1600
2026-05-29 12:15:37,4b4488,HBZYU,LSGB,LSGB,2813
2026-05-29 10:20:10,4b1b9d,HBKLX,LSGB,LSGY,1208
2026-05-29 09:06:59,adc3f5,N9861M,LSGB,LFQH,4066
2026-05-29 08:02:14,4b3f6a,HBYAK,LSGB,LSGB,2645
2026-05-29 07:22:43,38d87c,FJBKP,LSGB,EBBX,7378
2026-05-29 05:48:55,4b4471,HBZXX,LSGB,LSMD,4509
2026-06-01 13:52:31,a52790,N431HM,LSGB,LSZG,2175
2026-06-01 12:49:12,4b27bf,HBPBJ,LSGB,LSGG,1665
2026-06-01 12:05:00,394c99,FGTEZ,LSGB,LFST,4807
2026-06-01 08:23:42,4b447d,HBZYJ,LSGB,LSGB,1027
2026-06-01 08:17:16,4b4488,HBZYU,LSGB,LSGB,969
2026-06-01 07:53:59,4b4471,HBZXX,LSGB,LSGB,1553
2026-05-31 12:29:02,4b0b79,HBEIZ,LSGB,LSGP,1361
2026-05-31 10:28:43,4b3308,RGA18,LSGB,LSGL,816
2026-05-31 10:07:05,4b447d,HBZYJ,LSGB,LSGB,854
2026-05-31 09:12:16,4b5140,HB3225,LSGB,LSGB,10035
2026-05-31 08:54:10,4b447d,HBZYJ,LSGB,LSGB,1660
2026-05-31 08:05:10,a05b7b,N122DR,LSGB,LFQA,5154
2026-05-31 06:15:20,4b447d,HBZYJ,LSGB,LSGB,2896
2026-06-03 18:50:00,4b4488,HBZYU,LSGB,LSGB,1284
2026-06-03 17:19:53,4b447d,HBZYJ,LSGB,LSGB,2465
2026-06-03 15:31:53,4b4488,HBZYU,LSGB,LSGB,961
2026-06-03 14:49:20,4b4488,HBZYU,LSGB,LSGB,902
2026-06-03 12:10:17,4b4488,HBZYU,LSGB,LSGB,2160
2026-06-03 09:47:11,4b3f09,HBXWR,LSGB,LSZG,1877
2026-06-03 06:58:59,4b4435,HBZVP,LSGB,LFLI,1040
2026-06-02 09:19:09,39ac15,FHLAV,LSGB,LFLI,2586
2026-06-05 16:12:31,4b4488,HBZYU,LSGB,LSGB,938
2026-06-05 13:55:31,4b43e5,HBZSN,LSGB,LSZB,2151
2026-06-05 11:18:06,4b4488,HBZYU,LSGB,LSGB,1731
2026-06-05 08:24:43,4b089d,HBDGV,LSGB,LFLI,1213
2026-06-05 07:51:05,4b4488,HBZYU,LSGB,LSGT,1327
2026-06-05 05:40:56,4b447b,HBZYH,LSGB,LSGB,923
2026-06-05 04:31:25,4b3308,,LSGB,LSGB,5294
2026-06-04 11:57:47,4b447f,HBZYL,LSGB,LSGB,785
2026-06-04 11:49:11,4b4271,AGV01,LSGB,LSGB,1382
2026-06-04 10:58:36,4b447f,HBZYL,LSGB,LSGB,2499
2026-06-04 10:08:34,4b4271,AGV01,LSGB,LSGB,951
2026-06-04 09:45:44,4b4271,AGV01,LSGB,LSGB,721
2026-06-04 05:26:02,4b4381,HBZOR,LSGB,LSGB,4322
2026-06-04 04:38:39,4b4381,HBZOR,LSGB,LSGB,1946
2026-06-07 15:16:16,4b5100,HB3161,LSGB,LSGY,2772
2026-06-07 14:17:35,4b4488,HBZYU,LSGB,LSGB,1912
2026-06-07 13:41:08,4b204d,HBMGB,LSGB,LSZR,3521
2026-06-07 13:32:00,4b447d,HBZYJ,LSGB,LSGB,2996
2026-06-07 12:00:48,a05b7b,N122DR,LSGB,EGTF,10904
2026-06-07 11:48:09,4b1bdd,HBKOJ,LSGB,LSGL,1070
2026-06-07 11:14:38,4b5140,HB3225,LSGB,LSGB,2625
2026-06-07 09:15:10,4b447d,HBZYJ,LSGB,LSGB,1482
2026-06-07 08:54:49,4b5140,HB3225,LSGB,LSGB,2482
2026-06-07 07:53:53,4b4488,HBZYU,LSGB,LSGB,1714
2026-06-07 06:52:33,4b4271,AGV01,LSGB,LSGB,894
2026-06-06 14:30:35,4b4488,HBZYU,LSGB,LSGB,3627
2026-06-06 13:05:30,4b4b3d,HB1686,LSGB,LSGB,1434
2026-06-06 12:00:29,4b4b3d,HB1686,LSGB,LSGB,2665
2026-06-06 11:33:11,4b4488,HBZYU,LSGB,LSGB,3066
2026-06-06 11:18:49,4b0878,HBDFK,LSGB,LSGN,1433
2026-06-06 10:32:54,39d52b,FHVJL,LSGB,LSGY,1475
2026-06-06 10:28:27,4b4488,HBZYU,LSGB,LSGB,885
2026-06-06 09:25:03,4b204d,HBMGB,LSGB,LSGB,737
2026-06-06 08:59:06,3008b1,IDIOT,LSGB,LSGB,7957
2026-06-06 07:36:16,4b0935,HBDMR,LSGB,EHGG,9552
2026-06-06 07:20:48,4b204d,HBMGB,LSGB,LSGB,1088
2026-06-09 12:54:30,4b4488,HBZYU,LSGB,LSGT,2274
2026-06-09 11:26:21,4b43ed,HBZSV,LSGB,LSML,2867
2026-06-09 11:03:36,44081c,OEFAX,LSGB,LSZG,1982
2026-06-09 08:58:22,4b4488,HBZYU,LSGB,LSGB,1143
2026-06-09 07:27:09,4b3e19,HBXNL,LSGB,LSGP,1330
2026-06-09 07:00:59,4b449c,HBZZO,LSGB,LSGP,1406
2026-06-08 13:08:01,4b4488,HBZYU,LSGB,LSGB,3439
2026-06-08 10:41:36,4b1bae,HBKMO,LSGB,LSZB,1265
2026-06-08 08:24:04,4b4488,HBZYU,LSGB,LFHS,4269
2026-06-08 07:04:07,4b3abe,HBWGK,LSGB,LSGE,1382
2026-06-08 06:23:54,4b4488,HBZYU,LSGB,LSGB,4041
2026-06-08 06:16:08,4b4381,HBZOR,LSGB,LSGB,2061
2026-06-11 07:57:45,4b4488,HBZYU,LSGB,LSGT,1572
2026-06-10 14:38:05,4b3308,RGA18,LSGB,LSGL,1064
2026-06-10 08:19:00,4b4488,HBZYU,LSGB,LSGB,887
2026-06-10 07:29:36,40448c,GCBJZ,LSGB,LFGZ,3135
2026-06-10 06:45:26,4b4488,HBZYU,LSGB,LSGB,2188
2026-06-13 15:57:09,4b4488,HBZYU,LSGB,LSGL,1720
2026-06-13 14:21:32,4b4488,HBZYU,LSGB,LSGB,1430
2026-06-13 13:55:48,4b4b3d,HB1686,LSGB,LSGK,3086
2026-06-13 11:35:15,4b3006,HBSEW,LSGB,LFLI,2459
2026-06-13 10:41:02,4b4488,HBZYU,LSGB,LSGB,1767
2026-06-13 09:15:24,4b089d,HBDGV,LSGB,LFGG,2190
2026-06-13 08:49:02,4b4488,HBZYU,LSGB,LSGB,4107
2026-06-13 08:36:24,4b447b,HBZYH,LSGB,LSGS,1286
2026-06-13 07:11:53,4b0d33,HBEZZ,LSGB,LFLI,1290
2026-06-13 06:11:58,4b4488,HBZYU,LSGB,LSGB,2085
2026-06-12 13:23:49,4b1af2,HBKFI,LSGB,LSGL,1341
2026-06-12 06:40:47,4b4471,HBZXX,LSGB,LSGL,1042
2026-06-14 18:19:05,4b4471,HBZXX,LSGB,LSGB,1499
2026-06-14 13:12:36,4b1af2,HBKFI,LSGB,LSGL,1463
2026-06-14 12:16:16,4b2830,HBPFS,LSGB,LSZG,2917
2026-06-14 11:37:36,4b4c5b,HB1972,LSGB,LSTZ,6793
2026-06-14 10:09:10,4b4488,HBZYU,LSGB,LSGB,3240
2026-06-17 12:21:51,4b3301,RGA04,LSGB,LSGL,710
2026-06-19 13:06:36,a6898f,N520GL,LSGB,LSMP,1986
2026-06-19 12:20:51,4b3e19,HBXNL,LSGB,LSGP,1174
2026-06-19 09:44:30,4b447b,HBZYH,LSGB,LSGB,1258
2026-06-19 07:53:37,4b1bd4,HBKOA,LSGB,LSGT,824
2026-06-19 06:52:18,4b447d,HBZYJ,LSGB,LSGB,3047
2026-06-19 05:28:13,4b447d,HBZYJ,LSGB,LSGB,848
2026-06-18 16:23:27,4b3e19,HBXNL,LSGB,LSGP,1232
2026-06-18 14:38:30,4b1bcd,HBKNT,LSGB,LSGT,1311
2026-06-18 12:32:01,461553,OHIBZ,LSGB,LSGL,741
2026-06-18 12:08:34,aab5b7,N79AL,LSGB,EGTB,10815
2026-06-18 11:47:10,4b4488,HBZYU,LSGB,LSGB,1709
2026-06-18 09:35:34,4b447f,HBZYL,LSGB,LSGB,1615
2026-06-18 09:12:22,4b447f,HBZYL,LSGB,LSGB,628
2026-06-18 08:44:34,4b4488,HBZYU,LSGB,LSGB,2177
2026-06-18 08:43:30,4b44a5,HBZZX,LSGB,LSGB,822
2026-06-18 08:21:10,4b447d,HBZYJ,LSGB,LSGB,1892
2026-06-18 06:45:19,4b4488,HBZYU,LSGB,LSGB,1718
2026-06-21 11:06:07,4b28b1,HBPKR,LSGB,LSGL,1133
2026-06-21 10:23:13,4b4b3d,HB1686,LSGB,LSGB,8384
2026-06-21 10:00:55,4b4b7a,HB1747,LSGB,LSGB,13632
2026-06-20 16:43:03,4b447f,HBZYL,LSGB,LSGB,832
2026-06-20 14:09:18,4b3301,RGA04,LSGB,LSGL,791
2026-06-20 13:25:47,4b447f,HBZYL,LSGB,LSGB,1295
2026-06-20 11:19:13,4b4c5b,HB1972,LSGB,LSGB,12999
2026-06-20 10:52:12,4b4471,HBZXX,LSGB,LSGL,1072
2026-06-20 10:49:32,4b1bdd,HBKOJ,LSGB,LSGL,1165
2026-06-20 10:42:42,4b5184,HB3293,LSGB,LSGB,17526
2026-06-20 09:31:28,4b447d,HBZYJ,LSGB,LSTR,1378
2026-06-20 08:11:12,4b449c,HBZZO,LSGB,,3971
2026-06-20 07:49:12,3008b1,IDIOT,LSGB,LSGB,4422
2026-06-20 07:31:00,4b449c,HBZZO,LSGB,LSGB,603
2026-06-20 06:41:35,4b449c,HBZZO,LSGB,LSGB,1074
2026-06-20 05:49:16,4b449c,HBZZO,LSGB,LSGB,1213
2026-06-23 22:19:52,4b4271,AGV01,LSGB,LSGL,661
2026-06-23 18:44:30,4b4488,HBZYU,LSGB,LSGB,2860
2026-06-23 15:12:59,4b447d,HBZYJ,LSGB,LSGB,1770
2026-06-23 13:01:56,4b4488,HBZYU,LSGB,LSGB,1410
2026-06-23 11:38:12,4b1b54,HBKJC,LSGB,LSGP,1521
2026-06-23 11:25:37,4b4271,AGV01,LSGB,LSGL,661
2026-06-23 09:07:22,4d02c3,JFA70F,LSGB,LSGG,947
2026-06-23 08:09:17,3008b1,IDIOT,LSGB,LSGB,9194
2026-06-23 07:24:55,4b4e69,HB2498,LSGB,LSTS,3249
2026-06-23 06:59:42,4b4488,HBZYU,LSGB,LSGB,5406
2026-06-22 17:09:33,4b4471,HBZXX,LSGB,LSGB,1543
2026-06-22 12:40:03,4b4488,HBZYU,LSGB,LSGB,4936
2026-06-22 12:17:04,4b3e19,HBXNL,LSGB,LSGG,1119
2026-06-22 12:14:17,3ffbe3,DMEUP,LSGB,EDFM,8842
2026-06-22 10:46:34,4b23e0,HBNPG,LSGB,,2044
2026-06-22 09:39:14,4b447f,HBZYL,LSGB,LSGT,2949
2026-06-22 08:16:34,4b4488,HBZYU,LSGB,LSGB,3475
2026-06-25 17:10:00,4b4488,HBZYU,LSGB,LSGB,2961
2026-06-25 15:09:32,4b4488,HBZYU,LSGB,LSGB,3590
2026-06-25 12:04:21,4b4488,HBZYU,LSGB,LSGT,1496
2026-06-25 07:52:37,4b4488,HBZYU,LSGB,LSGY,1906
2026-06-25 06:15:13,4b41d1,HBYYB,LSGB,LSGG,1329
2026-06-24 20:18:13,4b3308,RGA18,LSGB,LSGL,652
2026-06-24 18:47:48,4b3b83,HBWNZ,LSGB,LSGY,1204
2026-06-24 15:04:32,4b1bdd,HBKOJ,LSGB,LSGL,871
2026-06-24 12:12:03,4b1bae,HBKMO,LSGB,LSGL,2784
2026-06-24 10:40:06,4b4c5b,HB1972,LSGB,LSGS,3826
2026-06-24 10:26:21,4b4488,HBZYU,LSGB,LSGB,2679
2026-06-24 09:54:45,4b089d,HBDGV,LSGB,LFGB,2856
2026-06-24 09:41:48,4b1b12,HBKGO,LSGB,LSZB,2588
2026-06-24 09:02:12,44a9ed,PGC17V,LSGB,LSGG,1246
2026-06-24 08:03:10,4b0935,HBDMR,LSGB,EHGG,11651
2026-06-24 07:59:44,4b1bdd,HBKOJ,LSGB,LSGL,1034
2026-06-24 07:51:46,4b447d,HBZYJ,LSGB,LSGB,1539
2026-06-24 04:12:39,4b4381,HBZOR,LSGB,LFHZ,1779
2026-06-27 15:52:46,4b4488,HBZYU,LSGB,LSGB,2541
2026-06-27 14:30:35,4b4488,HBZYU,LSGB,LSGB,1628
2026-06-27 12:54:04,4b4488,HBZYU,LSGB,LSGB,1577
2026-06-27 10:32:32,4b059a,HBCDE,LSGB,LSZN,3366
2026-06-27 09:32:37,4b447d,HBZYJ,LSGB,LSGB,3246
2026-06-27 08:20:43,4b4488,HBZYU,LSGB,LSGB,1957
2026-06-27 07:12:16,4b4488,HBZYU,LSGB,LSGB,1561
2026-06-27 06:59:04,3008b1,IDIOT,LSGB,LSGB,4068
2026-06-27 06:30:52,4b447d,HBZYJ,LSGB,LSGB,6576
2026-06-27 06:12:08,4b4488,HBZYU,LSGB,LSGB,878
2026-06-26 13:44:36,4b3356,HBTLM,LSGB,LSZC,2730
2026-06-26 12:36:07,4b4434,HBZVO,LSGB,LSGS,1001
2026-06-26 09:23:41,4b4471,HBZXX,LSGB,LSGB,2030
2026-06-26 07:01:10,4b4488,HBZYU,LSGB,LSGB,1952
2026-06-29 16:45:10,4b3e19,HBXNL,LSGB,LSGG,1368
2026-06-29 11:52:03,4b447d,HBZYJ,LSGB,LSGB,4510
2026-06-29 09:53:56,4b4488,HBZYU,LSGB,LSGB,896
2026-06-29 09:27:22,4b4488,HBZYU,LSGB,LSGB,800
2026-06-29 07:41:52,4b447d,HBZYJ,LSGB,LSGB,3358
2026-06-29 07:06:19,4b447f,HBZYL,LSGB,LSGL,1478
2026-06-28 15:02:16,4040f3,GEDGI,LSGB,LSGL,1724
2026-06-28 14:52:06,402c73,GBPAF,LSGB,LSGL,1359
2026-06-28 12:51:36,4b447f,HBZYL,LSGB,LSGB,2750
2026-06-28 11:58:03,4b4488,HBZYU,LSGB,LSGY,1723
2026-06-28 11:18:03,4b4c5b,HB1972,LSGB,LSGB,2782
2026-06-28 10:03:13,4b28b1,HBPKR,LSGB,LSGL,1223
2026-06-28 09:45:40,4b4c5b,HB1972,LSGB,LSGK,4219
2026-06-28 08:20:44,406a86,GSNCA,LSGB,EGKA,10113
2026-06-28 07:33:34,4b447d,HBZYJ,LSGB,LSGS,1410
2026-06-28 07:17:47,4b4488,HBZYU,LSGB,LSGC,1987
2026-06-28 07:05:50,4b089d,HBDGV,LSGB,LFSP,1209
2026-07-01 09:21:35,4b4488,HBZYU,LSGB,LSGB,776
2026-07-01 09:11:38,4b447d,HBZYJ,LSGB,LSGB,1085
2026-07-01 08:20:59,5004ea,T7AVB,LSGB,LSGL,765
2026-07-01 08:09:36,4b3f6a,HBYAK,LSGB,LSGB,2845
2026-07-01 07:48:51,4b4488,HBZYU,LSGB,LSGB,3538
2026-06-30 16:39:02,4b3e19,HBXNL,LSGB,LSGG,1407
2026-06-30 08:56:41,4b4488,HBZYU,LSGB,LSGB,1686
2026-06-30 08:47:01,4b1bdd,HBKOJ,LSGB,LSGL,1095
2026-06-30 08:42:25,4b1b55,HBKJD,LSGB,LSGP,1496
2026-06-30 07:21:22,a060c0,N123VP,LSGB,EGKB,9845
2026-06-30 07:17:16,4b447d,HBZYJ,LSGB,LSGB,3986
2026-07-03 17:43:32,4b4488,HBZYU,LSGB,LSGB,2285
2026-07-03 15:48:07,4b4488,HBZYU,LSGB,LSGB,4071
2026-07-03 13:36:48,3008b1,IDIOT,LSGB,LSGP,1716
2026-07-03 13:07:53,4b4488,HBZYU,LSGB,LSGB,3719
2026-07-03 11:55:09,4b3f6a,HBYAK,LSGB,LSGB,4510
2026-07-03 10:12:08,4b3e19,HBXNL,LSGB,LSGG,1121
2026-07-03 06:22:14,4b4488,HBZYU,LSGB,LSGB,1540
2026-07-02 12:43:34,4b4488,HBZYU,LSGB,LSGB,4971
2026-07-02 08:56:38,4b3f6a,HBYAK,LSGB,LSGB,3636
2026-07-02 08:05:29,4b4488,HBZYU,LSGB,LSGT,1530
2026-07-02 07:21:39,4b1bdd,HBKOJ,LSGB,LSGL,1520
2026-07-02 07:12:07,4b3308,RGAIM,LSGB,LSGL,5534
2026-07-05 18:58:51,4b447d,HBZYJ,LSGB,LSGB,996
2026-07-05 10:39:03,4b4c5b,HB1972,LSGB,LSGB,19033
2026-07-05 10:25:15,4b27c0,HBPBK,LSGB,LSGL,925
2026-07-05 07:54:35,4b4488,HBZYU,LSGB,LSGB,1688
2026-07-05 07:10:06,4b0935,HBDMR,LSGB,EBAW,10296
2026-07-04 18:19:35,4b3308,RGA18,LSGB,LSGB,2177
2026-07-04 15:32:32,4b447d,HBZYJ,LSGB,LSGB,1374
2026-07-04 15:08:46,4b447d,HBZYJ,LSGB,LSGB,611
2026-07-04 14:24:31,4b1c62,HBKTM,LSGB,LSPM,2597
2026-07-04 13:56:04,4b4488,HBZYU,LSGB,LSGB,4722
2026-07-04 12:36:35,4b4488,HBZYU,LSGB,LSGB,928
2026-07-04 11:46:30,4b4c5b,HB1972,LSGB,LSGB,863
2026-07-04 11:31:22,4b3308,RGA18,LSGB,LSTZ,2286
2026-07-04 11:25:02,4b4488,HBZYU,LSGB,LSGB,1107
2026-07-04 11:02:48,4b4488,HBZYU,LSGB,LSGB,633
2026-07-04 10:56:05,4b4c5b,HB1972,LSGB,LSGK,2015
2026-07-04 10:39:47,4b3308,RGA18,LSGB,LSGB,1891
2026-07-04 08:28:21,4b5167,HB3264,LSGB,LSGB,1083
2026-07-04 07:25:45,4b3308,RGA18,LSGB,LSGL,624
2026-07-04 07:24:02,4b4488,HBZYU,LSGB,LSGB,1406
2026-07-04 07:03:39,4b3f6a,HBYAK,LSGB,LSGB,4810
2026-07-04 06:58:56,4b447b,HBZYH,LSGB,LSGB,1636
2026-07-04 06:52:18,4b4488,HBZYU,LSGB,LSGB,1029
2026-07-04 06:49:26,4b41d1,HBYYB,LSGB,LFSU,2994
2026-07-04 06:24:03,3008b1,IDIOT,LSGB,LSGB,709
2026-07-07 18:15:33,4b4488,HBZYU,LSGB,LSGB,1559
2026-07-07 12:40:14,4b3391,HBTNT,LSGB,LSZG,1976
2026-07-07 07:40:34,4b4471,HBZXX,LSGB,LSGL,985
2026-07-07 07:34:33,4b4e69,HB2498,LSGB,LSGB,34649
2026-07-06 14:24:10,4b443f,HBZVZ,LSGB,LSGG,1431
2026-07-06 13:05:04,4b1b55,HBKJD,LSGB,LSGP,1705
2026-07-06 09:31:07,4b3f6a,HBYAK,LSGB,LSGB,3155
2026-07-06 07:29:04,4b4e69,HB2498,LSGB,,4957
2026-07-09 12:11:24,4b4488,HBZYU,LSGB,LSGE,1953
2026-07-09 10:50:35,4b4c5b,HB1972,LSGB,LSGB,1521
2026-07-09 10:10:35,3008b1,IDIOT,LSGB,LSGS,1487
2026-07-09 09:15:13,4b10df,HBGKD,LSGB,LSGL,1186
2026-07-09 08:39:43,4b449c,HBZZO,LSGB,LSGP,1232
2026-07-09 07:38:10,3008b1,IDIOT,LSGB,LSGB,3252
2026-07-08 13:18:47,4b5140,HB3225,LSGB,LSGB,11176
2026-07-08 13:12:03,4b4488,HBZYU,LSGB,LSGB,4631
2026-07-08 12:46:06,4083a2,GLUMI,LSGB,EGKB,10552
2026-07-08 11:15:36,4b4c5b,HB1972,LSGB,LSGB,19721
2026-07-08 10:18:35,4b5140,HB3225,LSGB,LSGB,9104
2026-07-08 09:23:32,4b4488,HBZYU,LSGB,LSGB,1303
2026-07-08 08:01:33,4b447d,HBZYJ,LSGB,LSGB,2546
2026-07-08 07:45:30,4b447b,HBZYH,LSGB,LSTA,5028
2026-07-08 07:35:46,4b3f6a,HBYAK,LSGB,LSGB,2712
2026-07-08 07:11:17,4b447b,HBZYH,LSGB,LSGB,1391
2026-07-08 06:46:54,4b41d1,HBYYB,LSGB,LSGN,1263
2026-07-08 06:26:46,4b4488,HBZYU,LSGB,LSGB,2542
2026-07-08 06:04:35,a63b7c,N500RW,LSGB,LSZQ,1279
2026-07-11 13:33:20,4b3308,RGA18,LSGB,LSGT,1118
2026-07-11 10:21:45,4b330b,RGA14,LSGB,LSTZ,930
2026-07-11 09:47:46,4b4488,HBZYU,LSGB,LSGB,1538
2026-07-11 09:38:48,3826fd,FJHHZ,LSGB,LSZP,2497
2026-07-11 08:41:39,4b4488,HBZYU,LSGB,LSGB,961
2026-07-11 08:40:15,38075c,FJLXI,LSGB,LSGB,9744
2026-07-11 08:26:50,3a2c9c,FJDGT,LSGB,LSZP,2466
2026-07-11 07:50:14,3008b1,IDIOT,LSGB,LSGB,4307
2026-07-11 07:28:12,39d52b,FHVJL,LSGB,LSZP,1872
2026-07-11 07:16:40,4b4488,HBZYU,LSGB,LSGB,1513
2026-07-10 12:28:15,4b5140,HB3225,LSGB,LSGB,9658
2026-07-10 12:16:33,4b0b79,HBEIZ,LSGB,LSGP,1318
2026-07-10 11:22:07,4b4488,HBZYU,LSGB,LSGB,995
2026-07-10 10:28:15,4b4488,HBZYU,LSGB,LSGB,1050
2026-07-10 09:51:41,4b2650,HBONG,LSGB,LSGL,2120
2026-07-10 08:13:53,4b4488,HBZYU,LSGB,LSGB,3934
2026-07-10 07:42:18,4b3f6a,HBYAK,LSGB,LSGB,3194
2026-07-13 17:00:14,4b27bf,HBPBJ,LSGB,LSGG,1258
2026-07-13 12:38:14,4b1b54,HBKJC,LSGB,LSGP,2035
2026-07-13 09:26:36,4b4488,HBZYU,LSGB,LSGB,931
2026-07-13 08:21:48,3a2c9c,FJDGT,LSGB,LFME,7434
2026-07-13 08:17:34,4b3f6a,HBYAK,LSGB,LSGB,2702
2026-07-13 07:12:47,4b4488,HBZYU,LSGB,LSGB,2952
2026-07-12 18:29:46,4b4488,HBZYU,LSGB,LSGB,1418
2026-07-12 17:42:46,4b3301,RGA04,LSGB,LSGL,772
2026-07-12 17:39:39,4b1c67,HBKTR,LSGB,LSZI,2875
2026-07-12 16:46:36,4b330b,RGA14,LSGB,LSGB,1481
2026-07-12 15:07:50,4b3308,RGA18,LSGB,LSGR,4929
2026-07-12 10:37:05,3826fd,FJHHZ,LSGB,LFDH,9867
2026-07-12 09:47:13,4b1bdd,HBKOJ,LSGB,LSGL,1512
2026-07-12 06:28:19,383b9d,FJAZI,LSGB,LFGI,2928
2026-07-15 17:39:52,4b4488,HBZYU,LSGB,LSGB,1989
2026-07-15 17:33:53,4b23e0,HBNPG,LSGB,LSGE,1626
2026-07-15 11:42:19,4b41d1,HBYYB,LSGB,LSZB,1478
2026-07-15 10:41:11,4b447d,HBZYJ,LSGB,LSGB,2438
2026-07-15 09:31:44,4b447d,HBZYJ,LSGB,LSGB,2530
2026-07-15 08:11:32,4b447d,HBZYJ,LSGB,LSGB,3108
2026-07-15 07:52:07,4b4488,HBZYU,LSGB,LSGB,3832
2026-07-15 07:47:55,4b447d,HBZYJ,LSGB,LSGB,682
2026-07-15 07:17:49,4b3f6a,HBYAK,LSGB,LSGB,3058
2026-07-15 05:17:37,4b4381,HBZOR,LSGB,LSGT,816
2026-07-14 10:19:10,4b5140,HB3225,LSGB,LSGB,15841
2026-07-14 07:56:04,4b4488,HBZYU,LSGB,LSGB,1606
2026-07-17 16:55:14,4b4488,HBZYU,LSGB,LSGB,1717
2026-07-17 13:26:40,4b4488,HBZYU,LSGB,LSGB,1511
2026-07-17 12:48:41,4b3308,RGA18,LSGB,LSGL,665
2026-07-16 14:37:12,4b4488,HBZYU,LSGB,LSGB,3031
2026-07-16 12:05:47,4b4488,HBZYU,LSGB,LSGB,2760
2026-07-16 11:49:28,4b5140,HB3225,LSGB,LSGB,2672
2026-07-16 11:25:48,4b0abc,HBEBS,LSGB,LSGE,875
2026-07-16 09:56:13,4b447d,HBZYJ,LSGB,LSGB,1652
2026-07-16 08:07:02,4b447d,HBZYJ,LSGB,LSGB,1637
2026-07-16 07:29:26,4b3f6a,HBYAK,LSGB,LSGB,2827
2026-07-16 05:56:05,4b089d,HBDGV,LSGB,LFRB,16411
2026-07-19 15:25:31,4b4488,HBZYU,LSGB,LSGB,2403
2026-07-19 14:15:48,4b0e59,HBFLH,LSGB,LSGL,990
2026-07-19 13:04:38,4b0e59,HBFLH,LSGB,LSGB,1641
2026-07-19 10:44:38,4b4c5b,HB1972,LSGB,LSGB,15464
2026-07-19 09:42:03,4b4b7a,HB1747,LSGB,LSGB,10346
2026-07-19 07:57:05,4b3f6a,HBYAK,LSGB,LSGB,1817
2026-07-19 07:49:45,4b447b,HBZYH,LSGB,LSGB,1304
2026-07-19 07:25:13,4b4488,HBZYU,LSGB,LSGB,813
2026-07-18 15:10:17,4b447d,HBZYJ,LSGB,LSGB,1605
2026-07-18 11:58:07,4b4488,HBZYU,LSGB,LSGB,1050
2026-07-18 11:33:38,505b03,OMXCX,LSGB,LSGG,1599
2026-07-18 11:26:52,4b4488,HBZYU,LSGB,LSGB,872
2026-07-18 10:18:10,4b4488,HBZYU,LSGB,LSGB,919
2026-07-18 09:17:03,4b4488,HBZYU,LSGB,LSGB,1556
2026-07-18 08:32:24,4b4488,HBZYU,LSGB,LSGB,977
2026-07-18 06:35:56,4b4488,HBZYU,LSGB,LSGB,3371
2026-07-21 13:40:00,4b4488,HBZYU,LSGB,LSGB,3505
2026-07-21 13:04:23,4b4488,HBZYU,LSGB,LSGB,1342
2026-07-21 12:38:30,4b0abc,HBEBS,LSGB,LSGE,1011
2026-07-21 09:18:19,4b447d,HBZYJ,LSGB,LSGB,1346
2026-07-21 09:08:58,3008b1,IDIOT,LSGB,LSGB,682
2026-07-20 17:33:22,4b4488,HBZYU,LSGB,LSGY,2012
2026-07-20 17:04:23,4b447f,HBZYL,LSGB,LSGB,670
2026-07-20 14:28:00,4b4488,HBZYU,LSGB,LSGB,3084
2026-07-20 12:09:30,4b4271,HBZEF,LSGB,LSGB,2116
2026-07-20 09:37:20,4b447d,HBZYJ,LSGB,LSGB,2849
2026-07-20 09:08:20,4b4488,HBZYU,LSGB,LSGB,1341
2026-07-20 08:12:34,4b447d,HBZYJ,LSGB,LSGB,1433
2026-07-23 16:55:36,4b447d,HBZYJ,LSGB,LSGL,721
2026-07-23 16:32:42,4b4488,HBZYU,LSGB,LSGB,2302
2026-07-23 14:51:03,4b4488,HBZYU,LSGB,LSGB,3070
2026-07-23 12:31:17,4b4488,HBZYU,LSGB,LSGB,2870
2026-07-23 12:25:40,4b447d,HBZYJ,LSGB,LSGB,612
2026-07-23 12:16:36,4b1bdd,HBKOJ,LSGB,LSGL,1631
2026-07-23 10:56:17,4b5140,HB3225,LSGB,LSGK,1839
2026-07-23 09:59:20,4b4c5b,HB1972,LSGB,LSGB,18120
2026-07-23 09:44:18,4b4488,HBZYU,LSGB,LSGB,2067
2026-07-23 07:10:39,4b447d,HBZYJ,LSGB,LSGB,5339
2026-07-22 15:33:34,4b4488,HBZYU,LSGB,LSGB,4263
2026-07-22 13:14:41,4b4488,HBZYU,LSGB,LSGB,2825
2026-07-22 12:42:05,4b5167,HB3264,LSGB,LSGB,1585
2026-07-22 11:14:27,4b447d,HBZYJ,LSGB,LSGB,1551
2026-07-22 10:02:49,4b3f6a,HBYAK,LSGB,LSGB,2628
2026-07-22 08:51:14,4b4488,HBZYU,LSGB,LSGB,723
2026-07-22 08:25:36,4b4488,HBZYU,LSGB,LSGB,683
2026-07-22 07:14:21,4b4488,HBZYU,LSGB,LSGB,1437
2026-07-25 12:39:40,4b2841,HBPGJ,LSGB,LSGG,1580
2026-07-25 11:08:55,4b3f6a,HBYAK,LSGB,LSGB,2352
2026-07-25 10:43:21,4b447d,HBZYJ,LSGB,LSGB,1700
2026-07-25 10:19:37,4b3f6a,HBYAK,LSGB,LSGB,1023
2026-07-25 08:48:26,4b4488,HBZYU,LSGB,LSGB,1467
2026-07-25 07:54:14,3008b1,IDIOT,LSGB,LSGB,6032
2026-07-25 06:55:56,4b4488,HBZYU,LSGB,LSGB,2445
2026-07-24 17:05:35,4b4488,HBZYU,LSGB,LSGB,1214
2026-07-24 16:01:08,4b447d,HBZYJ,LSGB,LSGB,1581
2026-07-24 14:01:01,4b2650,HBONG,LSGB,LSGL,2623
2026-07-24 13:38:01,4b4c5b,HB1972,LSGB,LSGB,1540
2026-07-24 12:59:25,4b4c5b,HB1972,LSGB,LSGB,1260
2026-07-24 12:49:02,4b3f6a,HBYAK,LSGB,LSGB,2931
2026-07-24 11:45:22,4b4c5b,HB1972,LSGB,LSGB,1805
2026-07-24 08:49:17,4b3f6a,HBYAK,LSGB,LSGB,3052
2026-07-24 08:22:14,3008b1,IDIOT,LSGB,LSGP,1605
2026-07-27 17:59:30,4b4488,HBZYU,LSGB,LSGB,875
2026-07-27 15:05:48,4b40e4,HBYOY,LSGB,LSZG,1751
2026-07-27 14:58:37,4b1bdd,HBKOJ,LSGB,LSGL,1331
2026-07-27 12:05:44,4b4471,HBZXX,LSGB,LSGB,1604
2026-07-27 11:35:04,4b326c,HBTCM,LSGB,LSZP,1758
2026-07-27 07:21:41,3008b1,IDIOT,LSGB,LFJR,13598
2026-07-27 06:39:39,4b4488,HBZYU,LSGB,LSGB,4216
2026-07-26 13:25:07,4b449c,HBZZO,LSGB,LSGG,1215
2026-07-26 09:40:25,4b4471,HBZXX,LSGB,LSGB,1557
2026-07-29 14:51:09,4b3356,HBTLM,LSGB,LSPN,2603
2026-07-29 14:26:04,4b447b,HBZYH,LSGB,LSGB,2051
2026-07-29 12:34:00,4b1f9d,HBLZH,LSGB,LSZB,1347
2026-07-29 12:14:00,4b5167,HB3264,LSGB,LSGB,857
2026-07-29 09:16:56,4b5167,HB3264,LSGB,LSGK,1888
2026-07-29 09:15:50,4b1bdd,HBKOJ,LSGB,LSGL,1428
2026-07-29 08:19:10,4b447d,HBZYJ,LSGB,LSGB,2026
2026-07-29 07:03:13,4b4488,HBZYU,LSGB,LSGB,3323
2026-07-28 20:04:10,4b32fe,RGA14,LSGB,LSTZ,726
2026-07-28 14:29:01,4b447d,HBZYJ,LSGB,,1944
2026-07-28 13:12:15,4b4488,HBZYU,LSGB,LSGT,1844
2026-07-28 11:55:09,4b3f6a,HBYAK,LSGB,LSGB,8040
2026-07-28 11:10:00,4b447d,HBZYJ,LSGB,LSGB,2696
2026-07-28 07:48:13,4b4471,HBZXX,LSGB,LSPV,3794
2026-07-28 07:39:00,4b4488,HBZYU,LSGB,LSGB,1164
2026-07-28 07:13:43,4b447d,HBZYJ,LSGB,LSGB,2474
2026-07-28 05:25:29,4b4488,HBZYU,LSGB,LSGB,2069
2026-07-31 14:34:00,4b447f,HBZYL,LSGB,LSGB,4780
2026-07-31 13:01:45,4b447f,HBZYL,LSGB,LSGB,1510
2026-07-31 12:41:42,4b4398,HBZPO,LSGB,LSGB,761
2026-07-31 12:32:13,4b447f,HBZYL,LSGB,LSGB,967
2026-07-31 12:11:27,a041db,N1155P,LSGB,LFGJ,2216
2026-07-31 09:57:43,4b3f6a,HBYAK,LSGB,LSGB,6838
2026-07-31 09:24:56,4b4213,HBZAP,LSGB,LFMN,5534
2026-07-31 09:09:54,4b4488,HBZYU,LSGB,LSGB,624
2026-07-31 08:41:35,4b4488,HBZYU,LSGB,LSGB,676
2026-07-31 06:15:18,4b4488,HBZYU,LSGB,LSGB,2731
2026-07-30 14:27:48,4b447f,HBZYL,LSGB,LSGB,4082
2026-07-30 12:04:43,4b447f,HBZYL,LSGB,LSGB,3486
2026-07-30 11:26:14,4b4488,HBZYU,LSGB,LSGB,2989
2026-07-30 10:04:15,4b4391,HBZPH,LSGB,LSGT,2426
2026-07-30 07:59:11,4b4488,HBZYU,LSGB,LSGB,1785
2026-07-30 06:45:24,4b447b,HBZYH,LSGB,LSGB,4329
2026-07-30 06:38:17,4b4471,HBZXX,LSGB,LSGG,1144
2026-07-30 05:20:17,4b445e,KHS51,LSGB,LSGG,1478
2026-08-02 14:10:43,4b4488,HBZYU,LSGB,LSGB,2766
2026-08-02 11:00:15,4b3308,RGA18,LSGB,LSGT,1964
2026-08-02 07:47:50,4b4488,HBZYU,LSGB,LSGB,3381
2026-08-01 19:08:24,4b4271,AGV01,LSGB,LSGS,2080
2026-08-01 14:10:34,4b4488,HBZYU,LSGB,LSGB,1651
2026-08-01 11:33:52,4b330b,RGA14,LSGB,LSTZ,718
2026-08-01 07:57:05,4b4488,HBZYU,LSGB,LSGB,5778
2026-08-04 11:28:51,4b44a5,HBZZX,LSGB,LSGT,1267
2026-08-04 09:15:14,4b4488,HBZYU,LSGB,LSGB,1874
2026-08-04 07:19:03,4b4488,HBZYU,LSGB,LSGB,2066
2026-08-03 15:20:39,4b447f,HBZYL,LSGB,LSGB,1324
2026-08-03 14:32:32,4b447f,HBZYL,LSGB,LSGB,1849
2026-08-03 14:20:14,4b3f6a,HBYAK,LSGB,LSGB,6132
2026-08-03 12:48:52,4b447f,HBZYL,LSGB,LSGB,1618
2026-08-03 10:59:00,4b4488,HBZYU,LSGB,LSGB,746
2026-08-06 18:24:42,4b3301,RGA04,LSGB,LSGL,611
2026-08-06 16:27:34,4b4488,HBZYU,LSGB,LSGB,2589
2026-08-06 16:07:17,4b447d,HBZYJ,LSGB,LSGB,1757
2026-08-06 15:51:06,4b4488,HBZYU,LSGB,LSGB,1270
2026-08-06 13:46:41,4b4488,HBZYU,LSGB,LSGB,2339
2026-08-06 13:08:23,4b447d,HBZYJ,LSGB,LSGB,1138
2026-08-06 11:30:48,4b4488,HBZYU,LSGB,LSGB,1597
2026-08-06 10:14:47,4b3f6a,HBYAK,LSGB,LSTS,1180
2026-08-06 07:39:40,4b3cb0,HBWZO,LSGB,LSGP,1482
2026-08-05 11:56:03,40831a,GSWOW,LSGB,EGTK,12300
2026-08-05 11:28:41,4b4478,HBZYE,LSGB,LSGB,7598
2026-08-05 09:29:29,4b089d,HBDGV,LSGB,LFNB,4540
2026-08-05 07:18:00,4b23ed,HBNPT,LSGB,LSZA,3138
2026-08-05 07:10:43,4b447b,HBZYH,LSGB,LSGB,1352
2026-08-08 15:46:30,4b4488,HBZYU,LSGB,LSGB,2852
2026-08-08 13:32:22,4b330b,RGA14,LSGB,LSTZ,774
2026-08-08 13:22:10,4b4488,HBZYU,LSGB,LSGB,4215
2026-08-08 13:12:27,4b3f6a,HBYAK,LSGB,LSGB,1436
2026-08-08 13:01:16,4b443f,HBZVZ,LSGB,LFLI,1273
2026-08-08 11:13:15,4b4488,HBZYU,LSGB,LSGB,4144
2026-08-08 10:43:33,4b4c5b,HB1972,LSGB,LSGB,14446
2026-08-08 10:03:00,4b1bd4,HBKOA,LSGB,LSGT,1604
2026-08-08 09:49:20,4b4488,HBZYU,LSGB,LSGB,818
2026-08-08 08:31:42,4b4488,HBZYU,LSGB,LSGB,2022
2026-08-08 08:03:02,a6b77b,N5317K,LSGB,LSGL,884
2026-08-08 06:51:30,4b4488,HBZYU,LSGB,LSGB,768
2026-08-08 06:12:35,4b4488,HBZYU,LSGB,LSGB,1058
2026-08-07 15:15:38,4b4488,HBZYU,LSGB,LSGB,3296
2026-08-07 14:22:55,4b4b7a,HB1747,LSGB,LSGB,9121
2026-08-07 13:46:02,4b4b7a,HB1747,LSGB,LSGB,1340
2026-08-07 12:59:12,4b4488,HBZYU,LSGB,LSGB,2383
2026-08-07 12:50:00,4b3391,HBTNT,LSGB,LSZG,1973
2026-08-07 12:16:17,4b4b7a,HB1747,LSGB,LSGB,1975
2026-08-07 11:20:07,4b4488,HBZYU,LSGB,LSGB,920
2026-08-07 10:37:10,4b4488,HBZYU,LSGB,LSGB,818
2026-08-07 10:27:46,4b4c5b,HB1972,LSGB,LSGB,3336
2026-08-07 09:26:00,4b4060,HBYJW,LSGB,LSZI,3905
2026-08-07 09:17:32,4b4488,HBZYU,LSGB,LSGB,916
2026-08-07 08:27:06,4b4488,HBZYU,LSGB,LSGB,890
2026-08-07 07:30:03,4b4488,HBZYU,LSGB,LSGB,1010
2026-08-10 22:43:10,4b4271,AGV01,LSGB,LSGL,979
2026-08-10 13:20:00,4b4488,HBZYU,LSGB,LSGB,2655
2026-08-10 11:42:04,4b5140,HB3225,LSGB,LSGB,1328
2026-08-10 11:09:00,4b4488,HBZYU,LSGB,LSGB,2544
2026-08-10 10:02:34,460844,FSF848R,LSGB,LSGL,636
2026-08-10 09:59:19,4b5140,HB3225,LSGB,LSGB,1039
2026-08-10 09:22:38,4b4488,HBZYU,LSGB,LSGB,2125
2026-08-10 09:09:46,4b5140,HB3225,LSGB,LSGB,1101
2026-08-10 08:37:03,4b4398,HBZPO,LSGB,LSGB,702
2026-08-10 07:47:04,4b447f,HBZYL,LSGB,LSZV,5282
2026-08-10 07:23:46,4b3f6a,HBYAK,LSGB,LSGB,7457
2026-08-10 07:10:55,4b4488,HBZYU,LSGB,LSGB,3452
2026-08-09 13:54:14,40831a,GSWOW,LSGB,EGTK,13080
2026-08-09 09:30:47,4b3f6a,HBYAK,LSGB,LSZQ,6216
2026-08-12 17:42:42,4b4488,HBZYU,LSGB,LSGB,3265
2026-08-12 14:47:12,4b3308,RGA18,LSGB,LSGP,764
2026-08-12 14:46:00,4b5140,HB3225,LSGB,LSGB,1352
2026-08-12 12:57:31,4b5140,HB3225,LSGB,LSGB,1884
2026-08-12 12:38:35,4b443f,HBZVZ,LSGB,LFLI,1272
2026-08-12 11:31:36,4b4488,HBZYU,LSGB,LSGB,3310
2026-08-12 11:11:28,4b4c5b,HB1972,LSGB,LSGB,10811
2026-08-12 09:02:35,4b1bdd,HBKOJ,LSGB,LSGL,1918
2026-08-12 07:43:04,4b4488,HBZYU,LSGB,LSGB,2455
2026-08-12 07:29:51,4b0c1d,HBEPH,LSGB,LSGN,1801
2026-08-11 09:22:48,4b4271,AGV01,LSGB,LSGL,698
2026-08-11 08:09:50,4b4434,HBZVO,LSGB,LSGB,1809
2026-08-11 07:57:26,4b0b24,HBEFS,LSGB,LSGE,1158
2026-08-11 07:31:45,4b41d1,HBYYB,LSGB,LFGX,1478
2026-08-11 05:49:42,4b4488,HBZYU,LSGB,LSGB,2244
2026-08-14 12:46:14,4b3308,RGA18,LSGB,LSGL,686
2026-08-14 09:31:34,4b4488,HBZYU,LSGB,LSGE,2752
2026-08-13 15:20:30,4b4488,HBZYU,LSGB,LSGB,2705
2026-08-13 15:02:08,4b1b54,HBKJC,LSGB,LSGP,1502
2026-08-13 14:07:11,4b5140,HB3225,LSGB,LSGB,2585
2026-08-13 13:35:56,4b4488,HBZYU,LSGB,LSGB,2640
2026-08-13 12:44:20,4b5140,HB3225,LSGB,LSGB,3061
2026-08-13 10:59:30,4b5140,HB3225,LSGB,LSGB,3266
2026-08-13 10:51:29,4b4c5b,HB1972,LSGB,LSGB,9021
2026-08-13 09:21:56,4b4488,HBZYU,LSGB,LSGB,1262
2026-08-13 09:08:12,4b5140,HB3225,LSGB,LSGB,3434
2026-08-16 11:16:02,4b3308,RGA18,LSGB,LSGL,622
2026-08-16 09:52:03,4b4b7a,HB1747,LSGB,LSGB,10283
2026-08-16 09:20:29,4b4434,HBZVO,LSGB,LSGB,714
2026-08-16 07:36:03,4b4488,HBZYU,LSGB,LSGB,1116
2026-08-15 17:18:09,4b447d,HBZYJ,LSGB,LSGB,3454
2026-08-15 16:09:32,4b330b,RGA14,LSGB,LSTZ,807
2026-08-15 15:19:51,4b4488,HBZYU,LSGB,LSGB,3112
2026-08-15 14:05:36,4b4488,HBZYU,LSGB,LSGB,1003
2026-08-15 13:58:42,4b4c5b,HB1972,LSGB,LSGB,998
2026-08-15 13:33:44,4b4488,HBZYU,LSGB,LSGB,968
2026-08-15 12:38:08,4b4488,HBZYU,LSGB,LSGB,975
2026-08-15 11:51:42,4b3308,RGA18,LSGB,LSGB,968
2026-08-15 09:59:44,4b4488,HBZYU,LSGB,LSGB,2979
2026-08-15 09:25:48,4b4471,HBZXX,LSGB,LSGL,1061
2026-08-15 08:02:35,4b447d,HBZYJ,LSGB,LSGB,1475
2026-08-15 07:47:41,3008b1,IDIOT,LSGB,LSGB,4277
2026-08-15 07:41:28,43ec6e,2EGJB,LSGB,,4695
2026-08-15 07:36:54,4b4488,HBZYU,LSGB,LSGB,3183
2026-08-15 06:21:10,4b447d,HBZYJ,LSGB,LSGB,3345
2026-08-15 04:50:06,4b4271,AGV01,LSGB,LSGL,800
2026-08-15 03:07:21,4b4271,AGV01,LSGB,LSGL,906
2026-08-18 19:35:30,4b3303,RGA15,LSGB,LSGG,1238
2026-08-18 16:41:04,4b4b7a,HB1747,LSGB,LSGB,801
2026-08-18 13:48:25,4b4488,HBZYU,LSGB,LSGB,729
2026-08-18 13:06:24,4b5140,HB3225,LSGB,LSGB,2470
2026-08-18 12:39:47,4b5140,HB3225,LSGB,LSGB,649
2026-08-18 10:23:33,4b28e3,HBPMP,LSGB,LSGL,2142
2026-08-18 09:02:51,4b4400,HBZTO,LSGB,LSGK,698
2026-08-18 08:30:28,4b447d,HBZYJ,LSGB,LSGB,1499
2026-08-17 16:20:02,4b1b9d,HBKLX,LSGB,LSGY,1217
2026-08-17 10:59:45,4b4398,HBZPO,LSGB,LSGB,1004
2026-08-17 08:57:53,4b4398,HBZPO,LSGB,LSGB,4948
2026-08-17 08:02:41,4b4488,HBZYU,LSGB,LSGB,876
2026-08-17 07:34:35,4b4488,HBZYU,LSGB,LSGB,924
2026-08-17 05:50:57,4b4488,HBZYU,LSGB,LSGB,1652
2026-08-20 08:45:03,4b4488,HBZYU,LSGB,LSGB,2266
2026-08-20 07:06:58,4b3308,RGA18,LSGB,LSGL,717
2026-08-19 17:54:45,4b4488,HBZYU,LSGB,LSGB,2181
2026-08-19 12:52:01,4b4c5b,HB1972,LSGB,LSGB,2567
2026-08-19 12:50:30,4b5167,HB3264,LSGB,LSGB,4259
2026-08-19 12:50:30,4b4b7a,HB1747,LSGB,LSGB,9937
2026-08-19 12:37:09,4b4488,HBZYU,LSGB,LSGB,1879
2026-08-19 12:03:37,4b4488,HBZYU,LSGB,LSGB,862
2026-08-19 11:46:30,4b2837,HBPFZ,LSGB,LSZJ,3158
2026-08-19 11:09:57,4b4b7a,HB1747,LSGB,LSGB,4052
2026-08-19 10:47:42,4b4c5b,HB1972,LSGB,LSGB,5956
2026-08-19 09:02:30,4b4488,HBZYU,LSGB,LSGB,887
2026-08-19 07:31:41,4b4488,HBZYU,LSGB,LSGB,2860
2026-08-22 16:52:11,4b4488,HBZYU,LSGB,LSGB,3411
2026-08-22 14:57:05,4b4488,HBZYU,LSGB,LSGB,3109
2026-08-22 14:28:21,4b1b9d,HBKLX,LSGB,LSGY,1480
2026-08-22 14:06:15,4b3356,HBTLM,LSGB,LSPN,3223
2026-08-22 13:39:45,4b4488,HBZYU,LSGB,LSGB,944
2026-08-22 13:30:30,4b5140,HB3225,LSGB,LSGB,2098
2026-08-22 13:03:41,4b5184,HB3293,LSGB,LSGB,6513
2026-08-22 12:54:44,4b5140,HB3225,LSGB,LSGB,1451
2026-08-22 12:14:30,4b4488,HBZYU,LSGB,LSGB,1521
2026-08-22 11:16:20,4b5184,HB3293,LSGB,LSGB,5168
2026-08-22 10:40:01,4b447d,HBZYJ,LSGB,LSGS,1348
2026-08-22 08:34:13,4b4488,HBZYU,LSGB,LSGB,3879
2026-08-22 08:22:55,4b447d,HBZYJ,LSGB,LSGB,3408
2026-08-22 06:42:36,4b3f6a,HBYAK,LSGB,LSZG,2153
2026-08-22 06:38:23,3008b1,IDIOT,LSGB,LSTS,1397
2026-08-22 06:34:16,4b447b,HBZYH,LSGB,LSGE,1632
2026-08-22 06:26:36,4b4488,HBZYU,LSGB,LSGT,1234
2026-08-22 06:00:07,4b089d,HBDGV,LSGB,LFLI,1162
2026-08-21 14:30:37,4b4213,HBZAP,LSGB,LSGL,1030
2026-08-21 14:24:55,4b4488,HBZYU,LSGB,LSGE,2224
2026-08-21 06:16:45,4b4471,HBZXX,LSGB,LSGG,1170
2026-08-24 22:54:09,4b3e2d,AGV01,LSGB,LSGB,647
2026-08-24 15:13:02,4b3e2d,AGV01,LSGB,LSGB,622
2026-08-24 15:05:35,4b4488,HBZYU,LSGB,LSGB,2368
2026-08-24 14:42:40,4b3e2d,AGV01,LSGB,LSGB,1822
2026-08-24 11:34:08,4b1baf,HBKMP,LSGB,LSZB,1692
2026-08-24 06:49:07,4b4488,HBZYU,LSGB,LSGB,29788
2026-08-24 06:30:45,4b447d,HBZYJ,LSGB,LSZB,1429
2026-08-23 15:30:25,4b4b3d,HB1686,LSGB,LSGB,2085
2026-08-23 14:32:18,4b5140,HB3225,LSGB,LSGB,3562
2026-08-23 13:27:38,4b1b16,HBKGS,LSGB,LSZM,2995
2026-08-23 11:04:03,4b4c5b,HB1972,LSGB,LSGB,6484
2026-08-23 07:54:20,4b3abe,HBWGK,LSGB,LSGB,6370
2026-08-23 07:04:42,4b447d,HBZYJ,LSGB,LSGB,1391
2026-08-26 15:38:02,4b4381,HBZOR,LSGB,LSGB,685
2026-08-26 14:07:15,4b4381,HBZOR,LSGB,LSGB,4806
2026-08-26 13:55:39,4b4488,HBZYU,LSGB,LSGB,3431
2026-08-26 13:29:31,4b3e2d,AGV01,LSGB,LSGB,717
2026-08-26 12:32:01,4b3e2d,AGV01,LSGB,LSGB,2518
2026-08-26 11:59:00,4b4488,HBZYU,LSGB,LSGB,2747
2026-08-26 11:06:31,4b4381,HBZOR,LSGB,LSGB,10190
2026-08-26 11:03:54,4b5140,HB3225,LSGB,LSGB,5278
2026-08-26 11:03:31,4b5167,HB3264,LSGB,LSGB,6116
2026-08-26 10:15:29,4b5167,HB3264,LSGB,LSGB,2188
2026-08-26 10:00:15,4b4381,HBZOR,LSGB,LSGB,1961
2026-08-26 07:44:09,4b4488,HBZYU,LSGB,LSGB,3696
2026-08-26 07:00:08,4b4381,HBZOR,LSGB,LSGB,9187
2026-08-26 05:06:33,4b4381,HBZOR,LSGB,LSGB,3205
2026-08-25 16:59:03,4b4488,HBZYU,LSGB,LSGB,2469
2026-08-25 14:38:42,4b4488,HBZYU,LSGB,LSGB,2406
2026-08-28 12:28:20,4b3308,RGA18,LSGB,LSGE,2401
2026-08-28 07:26:25,4b4488,HBZYU,LSGB,LSGB,1329
2026-08-28 05:32:33,4b4488,HBZYU,LSGB,LSGB,1536
2026-08-27 16:20:15,4b089d,HBDGV,LSGB,LSGY,934
2026-08-27 15:21:31,4b4488,HBZYU,LSGB,LSGK,628
2026-08-27 14:46:06,4b4435,HBZVP,LSGB,LSPV,3259
2026-08-27 14:41:44,a5fbc5,N485GC,LSGB,LFLI,824
2026-08-27 13:05:09,4b447d,HBZYJ,LSGB,LSGB,1336
2026-08-27 12:17:03,4b4488,HBZYU,LSGB,LSGB,1327
2026-08-27 08:53:32,4b4488,HBZYU,LSGB,LSGB,3387
2026-08-27 07:30:15,4b4488,HBZYU,LSGB,LSGB,1568
2026-08-27 07:28:23,4b4435,HBZVP,LSGB,LFLI,959
2026-08-27 07:04:40,4b4488,HBZYU,LSGB,LSGB,762
2026-08-27 06:33:49,4b4381,HBZOR,LSGB,LSGB,691
2026-08-30 15:04:18,4b4471,HBZXX,LSGB,LSGB,1612
2026-08-30 12:59:01,4b4126,HBYRM,LSGB,LSZP,1916
2026-08-30 12:57:42,4b24fe,HBOAG,LSGB,LSPL,4468
2026-08-30 12:50:08,4b4b7a,HB1747,LSGB,LSGB,6221
2026-08-30 10:58:07,4b4c5b,HB1972,LSGB,LSGB,11979
2026-08-30 10:14:36,4b24fe,HBOAG,LSGB,LSGB,679
2026-08-30 10:14:10,4b5167,HB3264,LSGB,LSGB,11267
2026-08-30 09:46:53,4b4488,HBZYU,LSGB,LSGB,1560
2026-08-30 08:29:20,4b447d,HBZYJ,LSGB,LSGB,1959
2026-08-30 07:27:39,3008b1,IDIOT,LSGB,LSGB,5762
2026-08-29 15:55:00,4b2650,HBONG,LSGB,LSGL,1934
2026-08-29 15:52:49,4b4400,HBZTO,LSGB,LSGT,653
2026-08-29 15:35:00,4b4488,HBZYU,LSGB,LSGB,1438
2026-08-29 14:40:30,4b4488,HBZYU,LSGB,LSGB,1062
2026-08-29 13:40:36,4b447d,HBZYJ,LSGB,LSGB,2069
2026-08-29 13:14:00,4b3301,RGA04,LSGB,LSGL,985
2026-08-29 12:45:46,4b4488,HBZYU,LSGB,LSGB,2904
2026-08-29 12:10:00,4b4455,HBZWV,LSGB,LSZL,1871
2026-08-29 10:24:30,4b5140,HB3225,LSGB,LSGB,762
2026-08-29 09:46:42,4b5140,HB3225,LSGB,LSGB,615
2026-08-29 08:40:22,4b4488,HBZYU,LSGB,LSGB,637
2026-08-29 06:02:26,4b3e2d,AGV01,LSGB,LSGL,868
2026-09-01 14:11:30,4b3308,RGA18,LSGB,LSMP,891
2026-09-01 13:06:43,4b42aa,HBZGK,LSGB,LSZP,1964
2026-09-01 12:22:34,4b4488,HBZYU,LSGB,LSGB,1644
2026-09-01 08:57:41,4b4488,HBZYU,LSGB,LSGB,3138
2026-09-01 07:39:22,3008b1,IDIOT,LSGB,LSTZ,1101
2026-09-01 06:34:13,4b4488,HBZYU,LSGB,LSGB,3833
2026-09-01 05:21:57,4b2bf4,HBQQU,LSGB,LSGB,2447
2026-09-01 05:21:04,4b4488,HBZYU,LSGB,LSGB,1404
2026-08-31 17:24:49,5004ea,T7AVB,LSGB,LSGL,1909
2026-08-31 12:48:03,4b4488,HBZYU,LSGB,LSGB,1776
2026-08-31 10:45:37,440a0a,OEKSX,LSGB,EDNX,5165
2026-08-31 10:39:54,4b4488,HBZYU,LSGB,LSGB,1145
2026-08-31 06:05:48,4b4488,HBZYU,LSGB,LSGB,4588
2026-09-03 15:03:42,4b4488,HBZYU,LSGB,LSGB,3866
2026-09-03 13:33:08,4b3308,RGAIM,LSGB,LSZB,6411
2026-09-03 13:15:03,4b43e5,HBZSN,LSGB,LSZB,3136
2026-09-03 12:54:30,4b4488,HBZYU,LSGB,LSGB,4386
2026-09-03 10:18:38,4b4488,HBZYU,LSGB,LSGB,3500
2026-09-03 07:42:18,4b4471,HBZXX,LSGB,LSGS,1776
2026-09-03 07:23:18,4b4213,HBZAP,LSGB,LSGG,1287
2026-09-02 15:14:02,4b3308,RGA18,LSGB,LSGL,685
2026-09-02 14:50:35,4b3e2d,AG01,LSGB,LSGL,684
2026-09-02 13:00:34,5058b7,OMS671,LSGB,LKMT,12095
2026-09-02 12:49:30,4b27bf,HBPBJ,LSGB,LSGG,2937
2026-09-02 12:17:34,4b449c,HBZZO,LSGB,LSGB,1896
2026-09-02 09:11:13,4b4488,HBZYU,LSGB,LSGB,3138
2026-09-02 08:45:49,4d0273,LXHGC,LSGB,LSGB,1012
2026-09-02 07:31:12,4b4488,HBZYU,LSGB,LSGB,750
2026-09-02 06:56:47,4b4488,HBZYU,LSGB,LSGB,1205
2026-09-05 22:51:13,4b3308,RGA18,LSGB,LSGL,705
2026-09-05 20:00:39,4b3303,RGA15,LSGB,LSGG,1489
2026-09-05 15:42:18,4b3e19,HBXNL,LSGB,LSGG,1290
2026-09-05 14:52:03,4b3303,RGA15,LSGB,LSGG,1239
2026-09-05 14:15:46,4b447d,HBZYJ,LSGB,LSGB,696
2026-09-05 13:58:33,4b3301,RGA04,LSGB,LSGL,656
2026-09-05 13:52:06,4b5140,HB3225,LSGB,LSGB,688
2026-09-05 12:25:03,4861d7,PHBAR,LSGB,EDNY,5731
2026-09-05 12:15:47,4b447d,HBZYJ,LSGB,LSGB,1512
2026-09-05 11:58:09,4b5140,HB3225,LSGB,LSGB,999
2026-09-05 11:32:14,4b5140,HB3225,LSGB,LSGB,673
2026-09-05 09:54:03,4b303a,HBSGW,LSGB,LSGE,1396
2026-09-05 09:39:15,4b3ee3,HBXVF,LSGB,LSGL,776
2026-09-05 08:40:37,3008b1,IDIOT,LSGB,LSGN,3112
2026-09-05 08:24:14,4b447d,HBZYJ,LSGB,LSGB,631
2026-09-05 07:24:16,4b447d,HBZYJ,LSGB,LSGB,1633
2026-09-04 16:00:50,4d02cd,JFA20Z,LSGB,LSGL,723
2026-09-04 14:46:55,4b4488,HBZYU,LSGB,LSZB,1812
2026-09-04 14:16:04,4b4471,HBZXX,LSGB,LSGB,1606
2026-09-04 11:58:39,4b4c5b,HB1972,LSGB,LSGB,2826
2026-09-04 10:20:22,4b4213,HBZAP,LSGB,LSTR,1134
2026-09-04 09:39:40,4b4488,HBZYU,LSGB,LSGB,1860
2026-09-04 08:57:19,4b4488,HBZYU,LSGB,LSGB,1131
2026-09-04 08:02:15,39033c,FJZXR,LSGB,LSGB,7541
2026-09-04 07:11:51,4b3abe,HBWGK,LSGB,LSGB,8017
2026-09-04 07:07:30,4b4488,HBZYU,LSGB,LSGB,771
2026-09-04 06:41:59,4b4488,HBZYU,LSGB,LSGB,745
2026-09-07 08:42:54,4b4398,HBZPO,LSGB,LSGB,19891
2026-09-07 07:56:18,4b3e2d,AGV01,LSGB,LSGL,725
2026-09-06 19:10:40,4b3e2d,AGV01,LSGB,LSGL,762
2026-09-06 14:28:09,4b3301,RGA04,LSGB,LSGL,612
2026-09-06 13:20:28,4b4b3d,HB1686,LSGB,LSGB,1640
2026-09-06 13:19:39,4b443f,HBZVZ,LSGB,LFLI,1513
2026-09-06 09:13:47,4b447d,HBZYJ,LSGB,LSGB,900
2026-09-06 06:57:22,4b447d,HBZYJ,LSGB,LSGB,3363
2026-09-06 06:19:55,4b447b,HBZYH,LSGB,LSGE,1286
2026-09-09 14:38:50,4b4398,HBZPO,LSGB,LFLI,1558
2026-09-09 13:48:46,4b4471,HBZXX,LSGB,LSPV,4369
2026-09-08 14:54:01,4b40e4,HBYOY,LSGB,LSZG,2145
2026-09-08 14:00:04,4b447d,HBZYJ,LSGB,LSGB,2731
2026-09-08 11:45:40,4b1baf,HBKMP,LSGB,LSZB,1884
2026-09-08 11:30:44,4b3308,RGA18,LSGB,LSGT,1504
2026-09-08 08:07:20,3008b1,IDIOT,LSGB,LSGB,4676
2026-09-08 07:00:10,4b1b56,HBKJE,LSGB,LSGL,942
2026-09-11 10:09:58,4b0935,HBDMR,LSGB,EHGG,11065
2026-09-11 08:28:49,4b3308,RGAIM,LSGB,LSGB,8219
2026-09-10 11:02:36,4b2841,HBPGJ,LSGB,LSGG,1624
2026-09-10 10:13:41,4b4381,HBZOR,LSGB,LSGK,664
2026-09-13 16:22:31,4b3ff5,HBYFT,LSGB,LSZJ,2308
2026-09-13 15:30:16,4b4488,HBZYU,LSGB,LSGB,2455
2026-09-13 13:44:37,a00b78,N1015F,LSGB,EDTZ,4278
2026-09-13 12:34:20,4b3308,RGA18,LSGB,LSGL,692
2026-09-13 12:29:02,4b4e69,HB2498,LSGB,LSGB,2623
2026-09-13 12:28:09,4b25ea,HBOJI,LSGB,LSGL,1517
2026-09-13 11:54:30,4b0abb,HBEBR,LSGB,LSZB,1468
2026-09-13 11:54:00,4b4e69,HB2498,LSGB,LSGB,1217
2026-09-13 11:18:39,4b293f,HBPQD,LSGB,LSZM,3880
2026-09-13 11:18:20,4b4e69,HB2498,LSGB,LSGB,1144
2026-09-13 08:59:02,4b0abb,HBEBR,LSGB,LSGB,1044
2026-09-13 08:39:13,4b4488,HBZYU,LSGB,LSGB,3493
2026-09-13 08:31:43,4b0abb,HBEBR,LSGB,LSGB,886
2026-09-13 08:13:35,4b447d,HBZYJ,LSGB,LSGB,1565
2026-09-13 08:07:40,a02a6d,N11FX,LSGB,LOIH,4361
2026-09-13 08:02:20,4b0abb,HBEBR,LSGB,LSGB,998
2026-09-13 07:10:40,4b0abb,HBEBR,LSGB,LSGB,2358
2026-09-12 17:29:05,4b447d,HBZYJ,LSGB,LSGB,1248
2026-09-12 17:28:35,4b4488,HBZYU,LSGB,LSGB,1124
2026-09-12 17:14:32,4b447f,HBZYL,LSGB,LSGB,800
2026-09-12 16:47:48,a00b78,N1015F,LSGB,LSGB,1125
2026-09-12 15:34:24,4b447d,HBZYJ,LSGB,LSGB,2250
2026-09-12 15:28:04,4b4488,HBZYU,LSGB,LSGB,2958
2026-09-12 15:23:30,383c42,FBPCC,LSGB,LFLI,1303
2026-09-12 15:12:40,4b0b79,HBEIZ,LSGB,LSGP,1059
2026-09-12 15:01:40,4b1af2,HBKFI,LSGB,LSGL,1000
2026-09-12 14:47:41,4b447f,HBZYL,LSGB,LSGB,756
2026-09-12 14:23:30,4b447d,HBZYJ,LSGB,LSGB,2338
2026-09-12 14:19:43,4b4488,HBZYU,LSGB,LSGB,3294
2026-09-12 13:37:00,4b3301,RGA04,LSGB,LSGL,818
2026-09-12 12:17:48,4b3308,RGA18,LSGB,LSGB,690
2026-09-12 10:38:33,4b3301,RGA04,LSGB,LSGL,634
2026-09-12 09:33:51,4b447d,HBZYJ,LSGB,LSGB,1279
2026-09-12 09:30:52,4b4488,HBZYU,LSGB,LSGB,1534
2026-09-12 09:23:33,4b447f,HBZYL,LSGB,LSGB,677
2026-09-12 08:25:56,4b4488,HBZYU,LSGB,LSGB,1241
2026-09-15 17:58:06,4b3e2d,AGV01,LSGB,LSGL,676
2026-09-15 17:21:09,4b4488,HBZYU,LSGB,LSGB,1163
2026-09-15 16:14:13,4b447d,HBZYJ,LSGB,LSGB,1339
2026-09-15 14:24:01,4b3510,HBUCM,LSGB,LSPG,2247
2026-09-15 12:27:11,4b449c,HBZZO,LSGB,LSGT,1035
2026-09-15 12:25:31,4b4488,HBZYU,LSGB,LSGB,2810
2026-09-15 11:34:34,3d22c5,HBWYL,LSGB,EDTD,4369
2026-09-15 09:33:46,4b3308,RGA18,LSGB,LSGK,637
2026-09-15 06:21:43,4b4488,HBZYU,LSGB,LSGB,3791
2026-09-14 19:42:13,4b3e2d,AGV01,LSGB,LSGL,703
2026-09-14 16:05:00,4b4488,HBZYU,LSGB,LSGB,3451
2026-09-14 11:42:20,4b4488,HBZYU,LSGB,LSGB,5336
2026-09-14 10:28:35,4b089d,HBDGV,LSGB,EDWL,11227
2026-09-14 10:09:07,4b4488,HBZYU,LSGB,LSGB,982
2026-09-14 09:36:34,4b4471,HBZXX,LSGB,LSGB,2234
2026-09-14 09:23:42,4b4488,HBZYU,LSGB,LSGB,903
2026-09-14 07:41:13,4b4488,HBZYU,LSGB,LSGB,2789
2026-09-17 15:34:08,4b4488,HBZYU,LSGB,LSGB,2506
2026-09-17 15:10:49,4b4398,HBZPO,LSGB,LSTR,1174
2026-09-17 12:18:49,4b3301,RGA04,LSGB,LSGL,700
2026-09-17 08:24:35,4b4478,HBZYE,LSGB,LSGB,2394
2026-09-17 08:08:49,aab5b7,N79AL,LSGB,EGKB,10013
2026-09-17 07:21:59,4b3f6a,HBYAK,LSGB,LSGB,4328
2026-09-16 15:59:04,4b4488,HBZYU,LSGB,LSGB,2170
2026-09-16 14:29:31,4b43e6,HBZSO,LSGB,LSMP,1237
2026-09-16 14:27:29,4b3f6a,HBYAK,LSGB,LSGB,2108
2026-09-16 11:34:30,4b4398,HBZPO,LSGB,LSGB,14391
2026-09-16 11:15:06,505a87,OMTVG,LSGB,LSGL,820
2026-09-16 09:16:08,4b4488,HBZYU,LSGB,LSGB,2271
2026-09-16 09:11:03,4b4398,HBZPO,LSGB,LSGB,5901
2026-09-16 07:20:40,4b4488,HBZYU,LSGB,LSGB,1818
2026-09-16 06:06:09,4b449c,HBZZO,LSGB,LSGS,29366
2026-09-16 05:33:34,4b4398,HBZPO,LSGB,LSGB,12325
2026-09-19 16:33:36,4b447d,HBZYJ,LSGB,LSGB,2629
2026-09-19 15:48:13,4b3308,RGA18,LSGB,LSGB,842
2026-09-19 15:25:25,4b4488,HBZYU,LSGB,LSGB,3404
2026-09-19 12:30:42,4b5140,HB3225,LSGB,LSGB,2224
2026-09-19 12:30:31,4b303c,HBSGY,LSGB,LSGE,1181
2026-09-19 11:54:22,4b447d,HBZYJ,LSGB,LSGB,1654
2026-09-19 10:35:49,4b447d,HBZYJ,LSGB,LSGB,1448
2026-09-19 10:27:03,4b5167,HB3264,LSGB,LSGB,9964
2026-09-19 09:49:20,4b447d,HBZYJ,LSGB,LSGB,1565
2026-09-19 08:16:36,3008b1,IDIOT,LSGB,LIMA,5153
2026-09-19 07:24:25,4b4478,HBZYE,LSGB,LSTB,1169
2026-09-18 17:55:34,4b3e2d,AGV01,LSGB,LSGL,654
2026-09-18 12:27:03,4b4471,HBZXX,LSGB,LSGB,1823
2026-09-18 11:38:01,4b447f,HBZYL,LSGB,LSGB,3838
2026-09-18 10:28:29,4b089d,HBDGV,LSGB,LFMV,4320
2026-09-18 09:03:34,4b4381,HBZOR,LSGB,LSGB,3597
2026-09-18 06:26:01,4b3cfb,HBXCL,LSGB,LSGG,1097
2026-09-21 16:27:23,4b1bdd,HBKOJ,LSGB,LSGL,875
2026-09-21 10:57:21,4b5140,HB3225,LSGB,LSGB,2779
2026-09-21 09:59:11,4b4488,HBZYU,LSGB,LSGT,1451
2026-09-21 08:48:00,4b25ea,HBOJI,LSGB,LSGL,977
2026-09-21 07:33:44,4b4488,HBZYU,LSGB,LSGB,2923
2026-09-20 18:25:24,4b3e2d,AGV01,LSGB,LSGL,690
2026-09-20 16:03:50,4b4471,HBZXX,LSGB,LSGR,6183
2026-09-20 15:42:45,a00b78,N1015F,LSGB,EDTZ,4773
2026-09-20 13:50:38,4b4488,HBZYU,LSGB,LSGB,1489
2026-09-20 13:20:38,4b5140,HB3225,LSGB,LSGB,2630
2026-09-20 11:50:05,4b5140,HB3225,LSGB,LSGB,983
2026-09-20 11:34:45,4b4488,HBZYU,LSGB,LSGB,1842
2026-09-20 11:05:37,4b5140,HB3225,LSGB,LSGB,1551
2026-09-20 09:11:14,4b4488,HBZYU,LSGB,LSGB,1206
2026-09-23 17:01:12,4b4488,HBZYU,LSGB,LSGB,2777
2026-09-23 15:18:39,4b447d,HBZYJ,LSGB,LSGB,2604
2026-09-23 15:12:16,4b4488,HBZYU,LSGB,LSGB,2824
2026-09-23 14:06:53,4b4213,HBZAP,LSGB,LSGG,1354
2026-09-23 11:48:43,4b4488,HBZYU,LSGB,LSGT,1350
2026-09-23 09:35:42,4b4488,HBZYU,LSGB,LSGB,3813
2026-09-23 06:22:59,4b4471,HBZXX,LSGB,LSGG,1283
2026-09-22 16:40:44,4b4488,HBZYU,LSGB,LSGB,1193
2026-09-22 14:45:44,4b27bf,HBPBJ,LSGB,LSGG,1409
2026-09-22 14:18:07,4b1bdd,HBKOJ,LSGB,LSGL,1030
2026-09-22 11:16:32,4b4488,HBZYU,LSGB,LSGB,1527
2026-09-22 08:07:25,4b4488,HBZYU,LSGB,LSGB,3932
2026-09-22 07:53:36,4b4435,HBZVP,LSGB,LFLI,913
2026-09-25 18:59:46,4b4271,AGV01,LSGB,LSGB,606
2026-09-25 14:38:16,4866f6,PHPOW,LSGB,LSGY,1088
2026-09-25 12:16:19,4b3307,RGA18,LSGB,LSGL,628
2026-09-25 10:45:18,4b4488,HBZYU,LSGB,LSZC,3241
2026-09-25 09:07:19,4b4488,HBZYU,LSGB,LSGB,1804
2026-09-25 07:24:47,4b449c,HBZZO,LSGB,LSGB,1199
2026-09-24 12:22:05,4b3dc5,HBXKF,LSGB,LSTS,5377
2026-09-24 12:01:03,4b447d,HBZYJ,LSGB,LSGB,1356
2026-09-27 15:06:14,4b3301,RGA04,LSGB,LSGL,619
2026-09-27 15:03:42,4b4471,HBZXX,LSGB,LSTS,6707
2026-09-27 13:32:34,4b5167,HB3264,LSGB,LSGB,2717
2026-09-27 12:48:35,4b4488,HBZYU,LSGB,LSGY,1822
2026-09-27 11:28:35,4b4488,HBZYU,LSGB,LSGB,1422
2026-09-27 11:00:39,4b3307,RGA18,LSGB,LSGB,738
2026-09-27 10:22:19,4b4488,HBZYU,LSGB,LSGB,1298
2026-09-27 09:54:23,3008b1,IDIOT,LSGB,LFBS,13981
2026-09-27 09:24:30,4b4488,HBZYU,LSGB,LSGB,1015
2026-09-27 08:22:23,a05b7b,N122DR,LSGB,EGTF,10677
2026-09-27 07:55:22,4b4488,HBZYU,LSGB,LSGB,2453
2026-09-26 16:45:38,4b4488,HBZYU,LSGB,LSGB,1660
2026-09-26 14:54:17,4b4e69,HB2498,LSGB,LSGB,775
2026-09-26 14:14:50,4b447d,HBZYJ,LSGB,LSGB,1507
2026-09-26 13:59:10,4b4488,HBZYU,LSGB,LSGB,885
2026-09-26 13:51:00,4b447f,HBZYL,LSGB,LSGB,1349
2026-09-26 13:01:02,4b447d,HBZYJ,LSGB,LSGB,1281
2026-09-26 12:47:40,4b4c5b,HB1972,LSGB,LSGB,9517
2026-09-26 12:47:20,4b4488,HBZYU,LSGB,LSGB,1415
2026-09-26 12:33:13,4b3f6a,HBYAK,LSGB,LSGB,1940
2026-09-26 12:08:01,4b447f,HBZYL,LSGB,LSGB,1558
2026-09-26 11:45:53,4b447d,HBZYJ,LSGB,LSGB,875
2026-09-26 11:19:56,4b4e69,HB2498,LSGB,LSGK,7441
2026-09-26 11:19:01,4b4488,HBZYU,LSGB,LSGB,2961
2026-09-26 11:18:03,4b447f,HBZYL,LSGB,LSGB,1691
2026-09-26 10:19:32,4b447d,HBZYJ,LSGB,LSGB,1523
2026-09-26 09:45:48,4b447f,HBZYL,LSGB,LSGB,1954
2026-09-26 09:34:37,3b7b37,DRAGO741,LSGB,LFHM,2792
2026-09-26 09:18:49,4b4488,HBZYU,LSGB,LSGB,4373
2026-09-26 08:51:47,4b447f,HBZYL,LSGB,LSGB,1744
2026-09-26 08:24:14,3b7b37,DRAGO741,LSGB,LFLI,700
2026-09-26 08:19:20,4b447d,HBZYJ,LSGB,LSGB,816
2026-09-26 08:09:01,4b447f,HBZYL,LSGB,LSGB,1635
2026-09-26 07:54:38,3008b1,IDIOT,LSGB,LSGB,5628
2026-09-29 15:04:14,4b4488,HBZYU,LSGB,LSGB,1959
2026-09-29 10:30:50,4b4488,HBZYU,LSGB,LSGB,3721
2026-09-28 16:33:31,4b4488,HBZYU,LSGB,LSGB,1198
2026-09-28 15:27:35,4b4471,HBZXX,LSGB,LSGB,1680
2026-09-28 15:22:52,4b4271,AGV01,LSGB,LSGL,674
2026-09-28 14:32:00,4b4488,HBZYU,LSGB,LSGB,3493
2026-09-28 13:29:15,4b4134,HBYSA,LSGB,LSZF,2973
2026-09-28 13:12:31,4b4488,HBZYU,LSGB,LSGB,894
2026-09-28 11:45:15,4b4488,HBZYU,LSGB,LSGB,2652
2026-09-28 10:23:30,4b3abe,HBWGK,LSGB,LSGB,3188
2026-09-28 08:32:31,4b4488,HBZYU,LSGB,LSGB,1077
2026-09-28 08:21:18,4b3abe,HBWGK,LSGB,LSGB,5541
2026-09-28 07:04:04,4b4488,HBZYU,LSGB,LSGB,1971
2026-09-28 05:54:37,4b4434,HBZVO,LSGB,LSGB,1305
2026-09-30 14:39:32,4b4488,HBZYU,LSGB,LSGB,3430
2026-09-30 14:02:53,4b3307,RGAIL,LSGB,LSGK,4545
2026-09-30 13:26:04,4b4488,HBZYU,LSGB,LSGB,912
2026-09-30 11:15:54,4b4488,HBZYU,LSGB,LSGB,1440
2026-09-30 07:42:31,4b1bdd,HBKOJ,LSGB,LSGL,778
