icao24,callsign,first_seen_utc,last_seen_utc,duration_min,dep_airport,arr_airport
4b4488,HBZYU,2026-08-01 07:57:05,2026-08-01 09:33:23,96.3,LSGB,LSGB
4b4488,HBZYU,2026-08-01 14:10:34,2026-08-01 14:38:05,27.5,LSGB,LSGB
4b4488,HBZYU,2026-08-02 07:47:50,2026-08-02 08:44:11,56.4,LSGB,LSGB
4b4488,HBZYU,2026-08-02 14:10:43,2026-08-02 14:56:49,46.1,LSGB,LSGB
4b4488,HBZYU,2026-08-03 10:59:00,2026-08-03 11:11:26,12.4,LSGB,LSGB
4b447f,HBZYL,2026-08-03 12:48:52,2026-08-03 13:15:50,27.0,LSGB,LSGB
4b3f6a,HBZYL,2026-08-03 14:20:14,2026-08-03 16:02:26,102.2,LSGB,LSGB
4b447f,HBZYL,2026-08-03 14:32:32,2026-08-03 15:03:21,30.8,LSGB,LSGB
4b447f,HBZYL,2026-08-03 15:20:39,2026-08-03 15:42:43,22.1,LSGB,LSGB
4b4488,HBZYU,2026-08-04 07:19:03,2026-08-04 07:53:29,34.4,LSGB,LSGB
