date,temperature_2m,wind_speed_10m,wind_gusts_10m,cloud_cover_low,precipitation,visibility,wind_speed_850hPa,wind_speed_700hPa
2026-10-01 00:00:00+02:00,17.536999,0.8049845,3.6,0.0,0.0,33260.0,15.916782,13.556066
2026-10-01 01:00:00+02:00,17.737,2.1897945,3.2399998,0.0,0.0,37620.0,17.352394,15.329903
2026-10-01 02:00:00+02:00,17.637,1.8,3.2399998,0.0,0.0,38660.0,20.225931,17.21225
2026-10-01 03:00:00+02:00,17.637,1.2979984,2.8799999,0.0,0.0,38400.0,18.904528,20.331732
2026-10-01 04:00:00+02:00,16.337,2.1897945,3.6,0.0,0.0,30820.0,17.352394,21.139927
2026-10-01 05:00:00+02:00,16.786999,2.3051248,4.68,0.0,0.0,35360.0,13.941624,23.265514
2026-10-01 06:00:00+02:00,16.737,2.2768397,3.6,0.0,0.0,35500.0,7.866535,23.463383
2026-10-01 07:00:00+02:00,16.487,3.7064266,5.7599998,0.0,0.1,33600.0,7.291139,18.127962
2026-10-01 08:00:00+02:00,16.036999,2.2768397,5.7599998,0.0,0.0,32260.0,8.215179,15.41761
2026-10-01 09:00:00+02:00,16.286999,3.563818,5.04,0.0,0.0,28980.0,7.515534,12.413793
